Sample_ID,L*,a*,b*,360,370,380,390,400,410,420,430,440,450,460,470,480,490,500,510,520,530,540,550,560,570,580,590,600,610,620,630,640,650,660,670,680,690,700,710,720,730,740,750,760,770,780,Target
T0S01,63.47,23.05,45.54,8.9,8.91,8.73,9.07,9.17,9.21,9.26,9.29,9.36,9.43,9.46,9.54,9.64,9.91,10.56,12.01,15.39,20.72,27.17,33.36,38.38,42,45.24,48.2,50.54,52.63,54.57,56.12,57.7,59.15,60.71,62.41,63.69,65.04,66.34,67.67,68.75,69.85,70.93,71.88,72.66,73.49,74.2,0%
T0S02,63.39,23.1,45.68,8.84,8.87,8.74,8.92,9.05,9.1,9.17,9.21,9.27,9.34,9.39,9.45,9.57,9.83,10.47,11.92,15.33,20.66,27.08,33.24,38.23,41.88,45.11,48.08,50.43,52.55,54.51,56.06,57.7,59.23,60.8,62.47,63.75,65.06,66.36,67.64,68.75,69.83,70.94,71.88,72.72,73.53,74.2,0%
T0S03,63.02,23.17,45.09,8.9,8.92,8.66,8.89,9.05,9.1,9.15,9.19,9.26,9.33,9.36,9.45,9.55,9.8,10.44,11.84,15.11,20.27,26.55,32.62,37.57,41.21,44.46,47.45,49.81,51.96,53.89,55.46,57.11,58.61,60.11,61.81,63.11,64.48,65.8,67.13,68.2,69.29,70.4,71.37,72.17,72.88,73.59,0%
T0S04,63.08,23.2,45.44,8.8,8.81,8.61,8.83,8.96,9,9.06,9.09,9.17,9.25,9.3,9.38,9.49,9.75,10.37,11.79,15.1,20.32,26.64,32.74,37.7,41.32,44.59,47.56,49.94,52.1,54.07,55.63,57.28,58.75,60.37,62.07,63.39,64.69,66,67.34,68.45,69.51,70.62,71.56,72.38,73.22,73.93,0%
T0S05,62.97,23.23,45.22,8.86,8.88,8.66,8.85,8.98,9.02,9.07,9.1,9.18,9.27,9.33,9.39,9.5,9.77,10.4,11.79,15.05,20.21,26.47,32.54,37.48,41.13,44.4,47.4,49.79,51.94,53.91,55.51,57.13,58.65,60.18,61.92,63.24,64.6,65.93,67.3,68.38,69.44,70.55,71.54,72.38,73.2,73.97,0%
T0S06,62.78,23.25,45.17,8.76,8.76,8.62,8.79,8.9,8.93,8.98,9.01,9.08,9.17,9.24,9.32,9.42,9.68,10.29,11.68,14.9,20.02,26.24,32.28,37.2,40.84,44.09,47.07,49.46,51.61,53.58,55.17,56.8,58.34,59.87,61.61,62.92,64.3,65.61,66.95,68.08,69.13,70.28,71.27,72.07,72.89,73.7,0%
T0S07,62.83,23.26,45.3,8.76,8.76,8.52,8.78,8.88,8.92,8.97,9,9.07,9.15,9.22,9.3,9.41,9.67,10.3,11.7,14.94,20.07,26.31,32.34,37.29,40.92,44.19,47.16,49.56,51.7,53.72,55.3,56.92,58.51,60.09,61.79,63.13,64.44,65.74,67.13,68.21,69.31,70.4,71.38,72.24,73,73.71,0%
T0S08,62.88,23.38,45.56,8.72,8.74,8.49,8.69,8.83,8.87,8.91,8.94,9.02,9.09,9.16,9.25,9.37,9.62,10.24,11.63,14.87,20.02,26.31,32.4,37.38,41.04,44.32,47.33,49.73,51.89,53.91,55.48,57.14,58.66,60.29,62.01,63.33,64.65,65.94,67.32,68.46,69.52,70.61,71.54,72.39,73.2,73.95,0%
T0S09,62.99,23.23,45.49,8.78,8.78,8.52,8.83,8.91,8.94,8.98,9.01,9.09,9.18,9.25,9.34,9.46,9.72,10.34,11.74,15.02,20.2,26.51,32.6,37.57,41.2,44.47,47.44,49.83,52,53.94,55.52,57.17,58.7,60.21,61.92,63.24,64.61,65.96,67.3,68.39,69.47,70.58,71.57,72.35,73.17,73.87,0%
T0S10,62.75,23.28,45.26,8.74,8.74,8.58,8.71,8.84,8.88,8.92,8.96,9.03,9.12,9.2,9.28,9.4,9.67,10.28,11.65,14.86,19.96,26.17,32.21,37.15,40.79,44.06,47.05,49.44,51.59,53.56,55.17,56.82,58.31,59.9,61.63,62.97,64.35,65.66,67.03,68.15,69.24,70.33,71.31,72.13,72.92,73.54,0%
T0S11,62.95,23.23,45.52,8.71,8.72,8.56,8.76,8.85,8.88,8.94,8.98,9.05,9.15,9.23,9.33,9.43,9.7,10.33,11.73,15,20.18,26.47,32.53,37.5,41.13,44.41,47.37,49.76,51.93,53.88,55.5,57.12,58.65,60.27,61.96,63.28,64.59,65.93,67.26,68.38,69.48,70.61,71.6,72.41,73.21,73.93,0%
T0S12,62.78,23.31,45.32,8.74,8.73,8.58,8.73,8.85,8.88,8.92,8.95,9.03,9.12,9.19,9.29,9.41,9.66,10.28,11.65,14.87,19.97,26.2,32.25,37.2,40.86,44.13,47.11,49.53,51.7,53.64,55.25,56.91,58.41,59.97,61.71,63.03,64.4,65.75,67.08,68.2,69.28,70.36,71.33,72.14,72.96,73.72,0%
T0S13,62.78,23.23,45.37,8.7,8.69,8.49,8.74,8.82,8.85,8.89,8.93,9.01,9.1,9.18,9.27,9.41,9.66,10.26,11.66,14.9,20.02,26.25,32.29,37.23,40.85,44.1,47.09,49.47,51.61,53.59,55.2,56.8,58.36,59.91,61.63,62.94,64.31,65.66,67.03,68.12,69.22,70.32,71.29,72.12,72.91,73.65,0%
T0S14,62.86,23.29,45.49,8.72,8.73,8.52,8.7,8.81,8.85,8.89,8.93,9.02,9.11,9.18,9.28,9.4,9.66,10.29,11.69,14.92,20.05,26.31,32.37,37.33,40.97,44.26,47.25,49.63,51.8,53.82,55.35,57.03,58.57,60.2,61.9,63.23,64.58,65.87,67.24,68.35,69.41,70.51,71.53,72.37,73.15,73.89,0%
T0S15,62.8,23.23,45.41,8.69,8.68,8.49,8.66,8.8,8.84,8.88,8.92,9,9.09,9.18,9.28,9.41,9.68,10.3,11.69,14.93,20.05,26.27,32.31,37.25,40.86,44.12,47.11,49.48,51.64,53.68,55.22,56.9,58.5,60.09,61.81,63.13,64.47,65.77,67.16,68.25,69.4,70.49,71.47,72.32,73.09,73.9,0%
T0S16,62.8,23.15,45.3,8.72,8.71,8.52,8.73,8.84,8.87,8.91,8.95,9.03,9.13,9.22,9.31,9.44,9.71,10.35,11.73,14.96,20.08,26.3,32.32,37.23,40.84,44.1,47.03,49.45,51.58,53.58,55.16,56.79,58.34,59.91,61.65,62.97,64.35,65.68,67.05,68.18,69.31,70.4,71.4,72.22,72.98,73.77,0%
T0S17,62.62,23.2,45.17,8.72,8.73,8.52,8.65,8.79,8.83,8.86,8.9,8.98,9.07,9.16,9.26,9.39,9.65,10.28,11.66,14.84,19.89,26.06,32.04,36.95,40.55,43.78,46.76,49.17,51.33,53.31,54.9,56.56,58.07,59.68,61.43,62.77,64.13,65.49,66.85,67.97,69.07,70.2,71.19,72.02,72.85,73.65,0%
T0S18,62.77,23.31,45.46,8.67,8.63,8.46,8.69,8.78,8.81,8.84,8.88,8.97,9.07,9.15,9.26,9.39,9.64,10.27,11.65,14.87,19.96,26.19,32.23,37.19,40.82,44.1,47.08,49.51,51.65,53.71,55.26,56.92,58.49,60.12,61.82,63.16,64.49,65.82,67.19,68.34,69.42,70.53,71.5,72.32,73.12,73.91,0%
T0S19,62.8,23.2,45.51,8.65,8.64,8.52,8.67,8.76,8.79,8.83,8.88,8.96,9.06,9.15,9.28,9.4,9.67,10.31,11.68,14.92,20.05,26.29,32.32,37.25,40.87,44.13,47.11,49.51,51.65,53.61,55.22,56.85,58.41,60.04,61.73,63.04,64.37,65.67,67.07,68.18,69.26,70.36,71.37,72.24,73.01,73.77,0%
T0S20,62.82,23.17,45.39,8.73,8.72,8.47,8.73,8.81,8.84,8.89,8.93,9.01,9.11,9.21,9.3,9.44,9.72,10.35,11.73,14.96,20.09,26.31,32.34,37.27,40.89,44.14,47.13,49.51,51.64,53.63,55.21,56.85,58.4,59.97,61.69,63.02,64.39,65.74,67.06,68.15,69.26,70.39,71.36,72.21,73.03,73.71,0%
T0S21,62.83,23.16,45.5,8.7,8.69,8.43,8.7,8.77,8.8,8.85,8.89,8.97,9.08,9.17,9.3,9.42,9.68,10.32,11.71,14.96,20.09,26.33,32.38,37.31,40.92,44.16,47.14,49.5,51.67,53.67,55.24,56.85,58.41,60.02,61.74,63.07,64.4,65.7,67.06,68.16,69.27,70.39,71.36,72.19,73.02,73.76,0%
T0S22,62.85,23.16,45.4,8.73,8.74,8.59,8.73,8.82,8.84,8.9,8.94,9.02,9.13,9.22,9.34,9.46,9.73,10.36,11.75,14.99,20.12,26.35,32.39,37.32,40.94,44.2,47.18,49.58,51.68,53.65,55.28,56.9,58.4,60,61.74,63.07,64.44,65.74,67.1,68.23,69.32,70.44,71.41,72.23,73.02,73.82,0%
T0S23,62.63,23.19,45.27,8.65,8.63,8.45,8.7,8.77,8.79,8.82,8.86,8.94,9.05,9.14,9.26,9.38,9.65,10.27,11.65,14.84,19.9,26.07,32.05,36.99,40.58,43.84,46.84,49.19,51.34,53.32,54.9,56.51,58.09,59.63,61.36,62.69,64.09,65.38,66.76,67.88,68.98,70.06,71.03,71.87,72.66,73.43,0%
T0S24,62.6,23.2,45.27,8.65,8.63,8.43,8.61,8.73,8.75,8.79,8.84,8.92,9.03,9.13,9.25,9.37,9.64,10.27,11.63,14.83,19.87,26.03,32.02,36.92,40.53,43.77,46.77,49.15,51.27,53.28,54.88,56.53,58.1,59.71,61.43,62.77,64.1,65.4,66.8,67.91,69.02,70.12,71.13,72,72.83,73.58,0%
T0S25,62.69,23.21,45.46,8.65,8.63,8.4,8.63,8.71,8.75,8.78,8.82,8.9,9.01,9.12,9.24,9.37,9.63,10.26,11.64,14.86,19.93,26.13,32.14,37.07,40.68,43.95,46.91,49.31,51.45,53.46,55.04,56.7,58.18,59.88,61.6,62.92,64.25,65.56,66.89,68.04,69.15,70.28,71.27,72.12,72.93,73.69,0%
T0S26,62.7,23.24,45.39,8.76,8.8,8.39,8.66,8.75,8.77,8.82,8.86,8.94,9.04,9.14,9.26,9.4,9.67,10.28,11.66,14.86,19.93,26.12,32.14,37.08,40.71,43.98,46.95,49.35,51.51,53.49,55.06,56.73,58.27,59.85,61.59,62.92,64.3,65.61,67,68.11,69.23,70.34,71.31,72.14,72.95,73.66,0%
T0S27,62.63,23.21,45.38,8.63,8.63,8.56,8.57,8.7,8.73,8.78,8.82,8.91,9.01,9.1,9.24,9.36,9.63,10.26,11.63,14.83,19.89,26.06,32.06,36.99,40.59,43.84,46.83,49.22,51.36,53.36,54.92,56.6,58.18,59.76,61.49,62.82,64.15,65.44,66.82,67.92,69.05,70.17,71.17,71.98,72.78,73.59,0%
T0S28,62.76,23.31,45.55,8.69,8.69,8.41,8.61,8.72,8.74,8.78,8.82,8.91,9.03,9.13,9.25,9.39,9.66,10.29,11.65,14.87,19.95,26.17,32.21,37.16,40.8,44.09,47.1,49.49,51.68,53.68,55.27,56.92,58.51,60.13,61.84,63.17,64.48,65.81,67.17,68.31,69.38,70.51,71.5,72.3,73.1,73.89,0%
T0S29,62.79,23.15,45.44,8.72,8.7,8.47,8.64,8.77,8.79,8.84,8.88,8.97,9.08,9.17,9.29,9.44,9.72,10.36,11.74,14.96,20.05,26.27,32.29,37.23,40.82,44.09,47.07,49.45,51.6,53.6,55.16,56.82,58.37,59.92,61.65,62.99,64.38,65.7,67.07,68.2,69.29,70.4,71.38,72.21,73.01,73.77,0%
T0S30,62.77,23.25,45.52,8.65,8.65,8.45,8.62,8.72,8.74,8.78,8.83,8.93,9.03,9.14,9.29,9.4,9.67,10.3,11.68,14.89,19.98,26.19,32.23,37.18,40.82,44.09,47.08,49.46,51.66,53.62,55.23,56.86,58.45,60.05,61.75,63.08,64.42,65.73,67.1,68.2,69.32,70.4,71.36,72.2,72.97,73.74,0%
T0S31,62.62,23.25,45.45,8.6,8.59,8.45,8.56,8.66,8.69,8.74,8.78,8.87,8.98,9.08,9.21,9.36,9.62,10.23,11.61,14.8,19.85,26.03,32.03,36.97,40.58,43.85,46.81,49.22,51.36,53.39,54.99,56.63,58.17,59.83,61.54,62.88,64.2,65.52,66.89,67.99,69.13,70.23,71.2,72.04,72.89,73.71,0%
T0S32,62.56,23.12,45.2,8.64,8.62,8.45,8.63,8.72,8.75,8.79,8.83,8.91,9.03,9.13,9.26,9.4,9.67,10.29,11.67,14.85,19.87,26.01,31.97,36.86,40.46,43.68,46.67,49.02,51.19,53.17,54.74,56.4,57.94,59.51,61.27,62.6,63.99,65.31,66.69,67.82,68.94,70.05,71.04,71.87,72.68,73.44,0%
T0S33,62.68,23.23,45.46,8.68,8.68,8.43,8.61,8.71,8.73,8.77,8.81,8.9,9.01,9.11,9.24,9.38,9.65,10.27,11.65,14.85,19.92,26.1,32.12,37.06,40.68,43.94,46.94,49.32,51.47,53.47,55.05,56.71,58.3,59.81,61.56,62.89,64.28,65.61,66.96,68.08,69.16,70.29,71.29,72.11,72.93,73.67,0%
T0S34,62.53,23.27,45.36,8.64,8.64,8.37,8.59,8.66,8.68,8.72,8.76,8.85,8.97,9.07,9.19,9.34,9.6,10.23,11.58,14.76,19.78,25.91,31.89,36.79,40.41,43.69,46.66,49.07,51.27,53.26,54.87,56.51,58.07,59.74,61.47,62.81,64.17,65.46,66.87,67.99,69.09,70.24,71.23,72.07,72.87,73.66,0%
T0S35,62.76,23.19,45.58,8.66,8.64,8.42,8.61,8.68,8.7,8.75,8.8,8.89,9.01,9.12,9.27,9.4,9.67,10.31,11.69,14.91,20,26.21,32.23,37.17,40.8,44.06,47.06,49.43,51.57,53.58,55.19,56.8,58.36,60,61.7,63.03,64.38,65.71,67.06,68.16,69.27,70.38,71.35,72.18,72.96,73.77,0%
T0S36,62.75,23.16,45.48,8.68,8.68,8.47,8.63,8.73,8.74,8.78,8.83,8.92,9.04,9.15,9.29,9.42,9.69,10.32,11.7,14.92,20.02,26.23,32.24,37.16,40.77,44.05,47,49.4,51.53,53.53,55.13,56.77,58.29,59.88,61.61,62.95,64.31,65.66,66.99,68.14,69.21,70.33,71.31,72.14,72.91,73.62,0%
T0S37,62.59,23.17,45.36,8.63,8.62,8.39,8.57,8.68,8.71,8.75,8.79,8.87,8.98,9.1,9.23,9.37,9.65,10.27,11.64,14.83,19.87,26,31.99,36.91,40.5,43.76,46.76,49.11,51.27,53.27,54.84,56.48,58.05,59.62,61.36,62.7,64.08,65.4,66.8,67.91,69,70.14,71.14,71.95,72.76,73.56,0%
T0S38,62.76,23.21,45.62,8.62,8.6,8.37,8.58,8.67,8.69,8.73,8.79,8.89,8.99,9.11,9.26,9.4,9.67,10.3,11.68,14.9,19.99,26.21,32.24,37.18,40.81,44.07,47.06,49.47,51.61,53.61,55.2,56.85,58.39,60.02,61.73,63.06,64.39,65.71,67.04,68.16,69.28,70.38,71.36,72.21,73.06,73.84,0%
T0S39,62.64,23.19,45.39,8.68,8.64,8.42,8.57,8.69,8.72,8.76,8.8,8.89,9,9.12,9.26,9.39,9.67,10.29,11.66,14.85,19.9,26.06,32.06,36.98,40.6,43.84,46.85,49.22,51.39,53.38,54.93,56.6,58.18,59.73,61.45,62.78,64.16,65.47,66.85,67.97,69.08,70.21,71.22,72.01,72.83,73.47,0%
T0S40,62.8,23.23,45.61,8.67,8.66,8.42,8.57,8.69,8.72,8.76,8.8,8.9,9.02,9.15,9.29,9.43,9.7,10.33,11.7,14.91,20.01,26.23,32.29,37.24,40.89,44.15,47.16,49.55,51.69,53.7,55.25,56.92,58.47,60.02,61.74,63.07,64.44,65.78,67.11,68.22,69.35,70.44,71.41,72.25,73.01,73.74,0%
T0S41,62.87,23.16,45.72,8.6,8.56,8.49,8.57,8.68,8.7,8.75,8.8,8.9,9.02,9.14,9.3,9.44,9.72,10.36,11.76,15,20.11,26.35,32.39,37.37,40.97,44.24,47.23,49.62,51.78,53.77,55.38,57,58.6,60.17,61.9,63.24,64.56,65.89,67.24,68.37,69.43,70.55,71.54,72.37,73.15,73.92,0%
T0S42,62.82,23.19,45.62,8.66,8.63,8.37,8.62,8.7,8.73,8.77,8.82,8.91,9.03,9.13,9.29,9.42,9.71,10.33,11.73,14.94,20.04,26.28,32.32,37.28,40.91,44.17,47.17,49.55,51.67,53.7,55.28,56.87,58.45,60.02,61.73,63.07,64.46,65.76,67.11,68.23,69.32,70.42,71.39,72.2,72.98,73.75,0%
T0S43,62.73,23.28,45.61,8.62,8.6,8.43,8.57,8.66,8.69,8.72,8.77,8.87,8.98,9.1,9.25,9.4,9.66,10.29,11.64,14.83,19.91,26.11,32.16,37.12,40.78,44.07,47.05,49.44,51.62,53.59,55.19,56.82,58.36,59.94,61.67,63,64.38,65.71,67.05,68.16,69.29,70.38,71.36,72.14,72.97,73.72,0%
T0S44,62.92,23.17,45.82,8.67,8.67,8.34,8.59,8.67,8.69,8.74,8.79,8.89,9.01,9.14,9.29,9.44,9.72,10.36,11.75,15,20.15,26.4,32.47,37.42,41.06,44.34,47.32,49.72,51.84,53.86,55.43,57.08,58.66,60.25,61.96,63.28,64.62,65.91,67.26,68.39,69.49,70.61,71.57,72.41,73.22,73.99,0%
T0S45,62.75,23.25,45.76,8.59,8.57,8.28,8.54,8.61,8.63,8.67,8.72,8.82,8.94,9.07,9.23,9.38,9.65,10.29,11.64,14.84,19.94,26.16,32.21,37.18,40.82,44.09,47.09,49.47,51.63,53.63,55.23,56.84,58.4,60.01,61.73,63.06,64.39,65.69,67.07,68.18,69.3,70.39,71.35,72.19,72.99,73.71,0%
T0S46,62.67,23.14,45.48,8.64,8.62,8.39,8.57,8.66,8.69,8.72,8.77,8.87,8.99,9.11,9.25,9.41,9.69,10.31,11.68,14.87,19.93,26.11,32.13,37.03,40.65,43.9,46.88,49.26,51.4,53.38,54.97,56.6,58.17,59.75,61.48,62.81,64.19,65.54,66.9,67.99,69.06,70.18,71.21,72.08,72.88,73.62,0%
T0S47,62.56,23.25,45.51,8.62,8.63,8.31,8.51,8.61,8.62,8.65,8.7,8.8,8.93,9.05,9.19,9.34,9.61,10.23,11.59,14.75,19.78,25.94,31.94,36.87,40.49,43.77,46.75,49.14,51.32,53.29,54.88,56.54,57.97,59.63,61.36,62.69,64.06,65.4,66.77,67.85,68.92,70.04,71.01,71.86,72.67,73.37,0%
T0S48,62.83,23.19,45.87,8.6,8.58,8.32,8.52,8.61,8.62,8.67,8.72,8.83,8.95,9.08,9.24,9.39,9.67,10.32,11.7,14.93,20.04,26.29,32.35,37.31,40.95,44.21,47.2,49.59,51.73,53.73,55.32,56.93,58.49,60.12,61.83,63.15,64.47,65.76,67.12,68.24,69.32,70.45,71.42,72.21,73.02,73.78,0%
T0S49,62.52,23.25,45.58,8.55,8.51,8.37,8.44,8.55,8.57,8.6,8.66,8.76,8.88,9,9.15,9.31,9.59,10.2,11.56,14.71,19.73,25.88,31.89,36.8,40.44,43.69,46.68,49.09,51.19,53.25,54.83,56.47,58.02,59.67,61.4,62.72,64.07,65.36,66.72,67.88,68.98,70.1,71.08,71.92,72.67,73.48,0%
T0S50,62.53,23.25,45.46,8.59,8.57,8.34,8.52,8.6,8.63,8.66,8.71,8.8,8.92,9.04,9.19,9.34,9.62,10.24,11.58,14.74,19.75,25.89,31.89,36.8,40.43,43.7,46.69,49.09,51.22,53.25,54.82,56.47,58.05,59.63,61.37,62.71,64.1,65.43,66.81,67.93,69.03,70.15,71.13,71.97,72.76,73.47,0%
T1S01,63.83,22.56,46.25,8.99,8.99,8.67,8.93,9.03,9.06,9.12,9.15,9.22,9.3,9.42,9.58,9.86,10.29,11.04,12.6,16,21.28,27.67,33.8,38.79,42.42,45.66,48.59,50.94,53.06,54.96,56.58,58.17,59.63,61.27,62.94,64.24,65.56,66.83,68.14,69.23,70.36,71.43,72.34,73.17,73.98,74.74,1%
T1S02,63.36,22.64,46.03,8.9,8.91,8.57,8.81,8.88,8.89,8.93,8.96,9.04,9.13,9.24,9.42,9.68,10.1,10.84,12.34,15.63,20.79,27.06,33.12,38.06,41.69,44.89,47.84,50.19,52.28,54.21,55.82,57.42,58.91,60.57,62.27,63.58,64.91,66.19,67.49,68.64,69.77,70.86,71.78,72.65,73.45,74.18,1%
T1S03,63.68,22.75,46.33,8.91,8.92,8.63,8.76,8.93,8.95,9,9.03,9.11,9.21,9.32,9.49,9.77,10.19,10.93,12.45,15.78,21,27.38,33.54,38.55,42.23,45.49,48.44,50.8,52.93,54.87,56.48,58.05,59.6,61.2,62.89,64.2,65.51,66.81,68.11,69.23,70.35,71.42,72.37,73.16,74,74.8,1%
T1S04,63.57,22.58,46.27,8.91,8.9,8.52,8.82,8.89,8.9,8.94,8.98,9.06,9.16,9.29,9.46,9.75,10.2,10.95,12.46,15.8,21,27.33,33.43,38.39,42.03,45.22,48.19,50.54,52.64,54.55,56.14,57.76,59.24,60.91,62.59,63.89,65.2,66.51,67.82,68.94,70.1,71.13,72.05,72.85,73.67,74.48,1%
T1S05,63.64,22.46,46.33,8.92,8.89,8.48,8.84,8.91,8.93,8.96,8.99,9.07,9.17,9.3,9.5,9.78,10.22,11,12.55,15.9,21.13,27.48,33.58,38.52,42.13,45.34,48.26,50.58,52.66,54.58,56.16,57.73,59.25,60.89,62.57,63.87,65.18,66.45,67.74,68.87,69.95,71.01,71.93,72.81,73.61,74.31,1%
T1S06,64.04,22.37,46.77,8.96,8.99,8.67,8.82,8.94,8.97,9.01,9.06,9.14,9.23,9.39,9.58,9.88,10.34,11.12,12.72,16.18,21.55,28.03,34.21,39.19,42.81,46.02,48.92,51.24,53.31,55.22,56.83,58.39,59.83,61.46,63.12,64.41,65.73,66.99,68.26,69.38,70.48,71.54,72.46,73.28,74.07,74.84,1%
T1S07,63.94,22.42,46.57,8.92,8.88,8.73,8.83,8.94,8.97,9.02,9.07,9.15,9.25,9.38,9.57,9.87,10.32,11.09,12.66,16.09,21.42,27.86,34.03,39,42.64,45.85,48.75,51.07,53.13,55.1,56.62,58.23,59.69,61.3,62.98,64.28,65.56,66.85,68.14,69.27,70.36,71.4,72.33,73.15,73.95,74.77,1%
T1S08,63.53,22.55,46.21,8.88,8.9,8.58,8.77,8.86,8.88,8.92,8.96,9.04,9.14,9.3,9.48,9.76,10.2,10.96,12.48,15.8,20.99,27.29,33.36,38.31,41.93,45.15,48.09,50.43,52.53,54.52,56.06,57.65,59.14,60.83,62.51,63.82,65.14,66.44,67.74,68.88,69.98,71.1,72.07,72.84,73.66,74.49,1%
T1S09,63.69,22.45,46.42,8.9,8.86,8.58,8.74,8.87,8.89,8.93,8.97,9.06,9.16,9.31,9.48,9.79,10.25,11.01,12.57,15.92,21.18,27.54,33.65,38.57,42.19,45.41,48.34,50.64,52.74,54.69,56.26,57.82,59.32,60.99,62.67,63.97,65.29,66.61,67.89,68.98,70.12,71.2,72.13,72.98,73.8,74.6,1%
T1S10,63.91,22.38,46.73,8.91,8.9,8.57,8.84,8.88,8.88,8.94,8.98,9.07,9.18,9.34,9.54,9.84,10.29,11.08,12.65,16.09,21.41,27.85,34.02,38.98,42.6,45.81,48.7,51.04,53.09,55.01,56.59,58.14,59.64,61.21,62.88,64.18,65.49,66.73,68.02,69.12,70.28,71.31,72.2,73.05,73.84,74.6,1%
T1S11,63.85,22.52,46.6,8.88,8.89,8.6,8.83,8.9,8.91,8.95,9,9.09,9.18,9.34,9.54,9.84,10.29,11.06,12.6,16,21.28,27.69,33.86,38.83,42.48,45.71,48.67,50.98,53.1,55.02,56.6,58.23,59.71,61.32,63.02,64.32,65.63,66.92,68.2,69.34,70.43,71.48,72.45,73.28,74.1,74.84,1%
T1S12,63.72,22.47,46.44,8.84,8.81,8.6,8.78,8.86,8.88,8.92,8.96,9.05,9.16,9.34,9.52,9.84,10.29,11.07,12.61,15.97,21.2,27.53,33.64,38.61,42.23,45.44,48.41,50.72,52.84,54.78,56.35,57.96,59.48,61.1,62.79,64.11,65.44,66.68,68.01,69.14,70.25,71.32,72.27,73.09,73.87,74.65,1%
T1S13,63.76,22.37,46.57,8.89,8.85,8.5,8.74,8.85,8.86,8.9,8.95,9.04,9.14,9.3,9.5,9.82,10.28,11.06,12.63,16.02,21.27,27.65,33.76,38.68,42.3,45.51,48.4,50.74,52.84,54.75,56.3,57.9,59.4,61.04,62.72,64.02,65.33,66.61,67.9,69.02,70.14,71.21,72.13,72.97,73.77,74.54,1%
T1S14,63.9,22.48,46.77,8.86,8.83,8.62,8.78,8.84,8.86,8.9,8.95,9.04,9.15,9.32,9.53,9.83,10.3,11.07,12.62,16.03,21.34,27.77,33.94,38.91,42.58,45.8,48.74,51.08,53.16,55.09,56.69,58.23,59.71,61.35,63.03,64.33,65.64,66.92,68.19,69.29,70.38,71.46,72.42,73.24,74.01,74.83,1%
T1S15,63.69,22.43,46.43,8.83,8.81,8.54,8.76,8.84,8.86,8.9,8.95,9.04,9.16,9.32,9.53,9.83,10.28,11.05,12.59,15.95,21.18,27.52,33.63,38.58,42.2,45.41,48.33,50.65,52.76,54.68,56.26,57.88,59.32,60.99,62.67,63.97,65.29,66.58,67.86,69.01,70.14,71.2,72.13,72.97,73.8,74.55,1%
T1S16,63.93,22.43,46.79,8.88,8.84,8.52,8.77,8.86,8.87,8.91,8.96,9.05,9.16,9.33,9.54,9.86,10.31,11.09,12.66,16.07,21.39,27.82,33.99,38.97,42.62,45.85,48.78,51.09,53.19,55.09,56.67,58.24,59.72,61.36,63.03,64.32,65.62,66.9,68.19,69.32,70.4,71.44,72.36,73.21,74.03,74.76,1%
T1S17,63.73,22.4,46.45,8.84,8.82,8.57,8.8,8.86,8.87,8.91,8.96,9.05,9.17,9.32,9.54,9.84,10.3,11.08,12.63,15.98,21.23,27.58,33.69,38.62,42.24,45.46,48.37,50.7,52.78,54.73,56.29,57.91,59.37,61.03,62.71,64,65.29,66.61,67.91,69.05,70.17,71.22,72.11,73.02,73.82,74.59,1%
T1S18,63.76,22.43,46.55,8.88,8.89,8.59,8.74,8.84,8.84,8.89,8.94,9.03,9.15,9.31,9.53,9.85,10.29,11.08,12.63,15.99,21.24,27.6,33.72,38.69,42.32,45.51,48.44,50.78,52.88,54.8,56.39,57.96,59.5,61.13,62.81,64.12,65.45,66.73,68,69.17,70.25,71.32,72.28,73.16,73.97,74.76,1%
T1S19,63.82,22.5,46.73,8.84,8.84,8.51,8.73,8.81,8.83,8.87,8.92,9.01,9.12,9.29,9.5,9.81,10.27,11.04,12.6,15.98,21.26,27.67,33.81,38.8,42.45,45.66,48.59,50.96,53.06,55,56.55,58.14,59.64,61.28,62.97,64.27,65.59,66.86,68.14,69.27,70.38,71.44,72.36,73.2,74.04,74.74,1%
T1S20,63.85,22.44,46.62,8.89,8.87,8.52,8.76,8.85,8.85,8.91,8.96,9.06,9.18,9.35,9.56,9.87,10.32,11.11,12.66,16.04,21.33,27.7,33.87,38.83,42.47,45.68,48.62,50.94,53.05,54.98,56.6,58.18,59.68,61.3,62.99,64.3,65.61,66.88,68.21,69.31,70.42,71.51,72.42,73.28,74.12,74.86,1%
T1S21,63.82,22.44,46.7,8.86,8.85,8.47,8.74,8.81,8.83,8.88,8.93,9.02,9.14,9.3,9.51,9.83,10.28,11.07,12.62,16.01,21.29,27.69,33.83,38.8,42.43,45.65,48.59,50.92,53.01,54.92,56.53,58.11,59.56,61.24,62.92,64.22,65.55,66.83,68.13,69.26,70.38,71.45,72.4,73.18,73.97,74.74,1%
T1S22,63.85,22.38,46.6,8.88,8.88,8.61,8.78,8.86,8.87,8.92,8.97,9.06,9.18,9.35,9.57,9.87,10.34,11.12,12.69,16.07,21.36,27.75,33.88,38.83,42.46,45.68,48.6,50.91,53.01,54.93,56.51,58.1,59.57,61.23,62.91,64.21,65.52,66.81,68.12,69.23,70.34,71.42,72.41,73.22,73.99,74.79,1%
T1S23,63.74,22.57,46.58,8.77,8.73,8.59,8.7,8.81,8.82,8.87,8.92,9.01,9.13,9.29,9.51,9.82,10.27,11.03,12.57,15.92,21.14,27.5,33.64,38.62,42.29,45.53,48.49,50.85,52.93,54.92,56.49,58.05,59.59,61.24,62.92,64.23,65.56,66.82,68.14,69.29,70.41,71.44,72.39,73.23,74.03,74.72,1%
T1S24,63.89,22.48,46.85,8.83,8.83,8.52,8.72,8.8,8.82,8.87,8.92,9.01,9.12,9.28,9.5,9.82,10.29,11.07,12.64,16.04,21.34,27.74,33.91,38.9,42.55,45.76,48.71,51.05,53.18,55.12,56.68,58.26,59.75,61.41,63.11,64.41,65.73,66.99,68.29,69.43,70.53,71.59,72.52,73.36,74.17,74.89,1%
T1S25,64.56,22.31,47.35,8.96,8.97,8.47,8.87,8.94,8.96,9.02,9.08,9.19,9.33,9.51,9.73,10.05,10.52,11.34,12.96,16.53,22.06,28.68,34.98,40.01,43.68,46.92,49.86,52.13,54.24,56.13,57.68,59.27,60.74,62.32,63.97,65.25,66.54,67.77,69.06,70.14,71.2,72.26,73.2,73.99,74.76,75.54,1%
T1S26,64.28,22.29,47.08,8.85,8.82,8.6,8.8,8.87,8.89,8.95,9.02,9.13,9.26,9.44,9.67,9.99,10.46,11.26,12.87,16.37,21.8,28.32,34.55,39.54,43.18,46.39,49.32,51.64,53.69,55.68,57.2,58.76,60.22,61.87,63.54,64.83,66.12,67.38,68.7,69.76,70.89,71.92,72.83,73.67,74.5,75.27,1%
T1S27,64.82,22.07,47.41,9.02,9.02,8.65,8.87,9,9.02,9.1,9.17,9.29,9.44,9.63,9.87,10.22,10.72,11.54,13.21,16.85,22.43,29.1,35.38,40.41,44.05,47.25,50.16,52.44,54.53,56.42,57.95,59.53,60.99,62.57,64.22,65.49,66.77,68.04,69.26,70.4,71.47,72.5,73.41,74.21,75,75.83,1%
T1S28,64.63,22.19,47.41,8.91,8.88,8.62,8.8,8.93,8.96,9.01,9.08,9.19,9.33,9.53,9.77,10.09,10.59,11.39,13.06,16.64,22.18,28.8,35.09,40.14,43.78,46.99,49.92,52.18,54.27,56.19,57.7,59.27,60.74,62.34,63.97,65.25,66.53,67.81,69.08,70.16,71.21,72.24,73.15,73.97,74.78,75.49,1%
T1S29,63.72,22.65,47.05,8.7,8.66,8.43,8.54,8.64,8.65,8.69,8.75,8.85,8.97,9.16,9.38,9.7,10.14,10.9,12.45,15.81,21.07,27.48,33.66,38.67,42.34,45.6,48.54,50.91,53.01,54.95,56.56,58.16,59.62,61.29,62.98,64.29,65.61,66.89,68.22,69.35,70.43,71.51,72.45,73.31,74.14,74.92,1%
T1S30,63.57,22.53,46.73,8.73,8.71,8.4,8.55,8.65,8.65,8.69,8.75,8.85,8.98,9.18,9.41,9.74,10.19,10.95,12.46,15.8,21,27.33,33.43,38.38,42.01,45.25,48.2,50.53,52.65,54.61,56.17,57.78,59.32,60.97,62.68,64,65.31,66.63,67.96,69.08,70.21,71.26,72.21,73.09,73.91,74.62,1%
T1S31,64.39,22.27,47.39,8.84,8.84,8.48,8.73,8.81,8.83,8.88,8.95,9.07,9.22,9.42,9.64,9.98,10.46,11.26,12.89,16.42,21.9,28.48,34.74,39.77,43.4,46.61,49.53,51.85,53.9,55.83,57.38,58.96,60.38,62.01,63.69,64.97,66.26,67.51,68.79,69.89,70.98,72.04,73,73.82,74.65,75.42,1%
T1S32,64.51,22.28,47.51,8.86,8.84,8.58,8.73,8.83,8.86,8.92,8.99,9.1,9.24,9.42,9.67,10,10.48,11.3,12.94,16.49,22,28.63,34.91,39.94,43.6,46.84,49.75,52.05,54.16,56.04,57.61,59.17,60.61,62.25,63.88,65.15,66.45,67.71,68.99,70.1,71.18,72.22,73.12,73.96,74.68,75.45,1%
T1S33,64.75,22.11,47.72,8.89,8.87,8.54,8.77,8.87,8.89,8.96,9.03,9.15,9.29,9.5,9.77,10.1,10.59,11.43,13.1,16.74,22.35,29.01,35.32,40.35,44,47.21,50.11,52.38,54.46,56.37,57.9,59.43,60.92,62.49,64.13,65.4,66.66,67.93,69.16,70.26,71.35,72.38,73.29,74.06,74.84,75.58,1%
T1S34,64.53,22.32,47.63,8.82,8.81,8.56,8.67,8.79,8.82,8.87,8.94,9.06,9.21,9.4,9.67,10,10.48,11.3,12.93,16.49,22,28.62,34.91,39.98,43.63,46.88,49.82,52.13,54.21,56.13,57.71,59.27,60.74,62.34,64,65.28,66.57,67.83,69.09,70.22,71.3,72.33,73.22,74.05,74.86,75.59,1%
T1S35,63.92,22.56,47.31,8.71,8.69,8.36,8.55,8.62,8.62,8.66,8.73,8.84,8.97,9.18,9.43,9.78,10.28,11.07,12.62,16.01,21.27,27.7,33.9,38.94,42.63,45.9,48.88,51.22,53.32,55.3,56.89,58.48,59.97,61.64,63.32,64.62,65.93,67.24,68.52,69.64,70.78,71.84,72.76,73.62,74.41,75.12,1%
T1S36,63.98,22.5,47.47,8.69,8.66,8.4,8.55,8.61,8.61,8.65,8.71,8.82,8.95,9.16,9.41,9.77,10.25,11.05,12.64,16.04,21.36,27.82,34.04,39.08,42.75,46.01,48.95,51.29,53.39,55.36,56.92,58.48,60.01,61.62,63.31,64.6,65.91,67.16,68.44,69.57,70.7,71.72,72.64,73.48,74.24,75.01,1%
T1S37,64.29,22.4,47.75,8.74,8.72,8.41,8.56,8.66,8.67,8.72,8.79,8.9,9.03,9.24,9.5,9.84,10.35,11.16,12.78,16.26,21.72,28.28,34.56,39.63,43.27,46.51,49.46,51.79,53.86,55.82,57.35,58.94,60.39,62.05,63.71,65.01,66.3,67.57,68.87,69.97,71.06,72.1,73.03,73.88,74.71,75.46,1%
T1S38,64.35,22.29,47.6,8.77,8.75,8.44,8.65,8.71,8.71,8.76,8.84,8.96,9.11,9.33,9.59,9.96,10.47,11.28,12.9,16.41,21.84,28.38,34.62,39.66,43.3,46.54,49.5,51.8,53.9,55.82,57.38,58.97,60.47,62.07,63.74,65.04,66.35,67.62,68.92,70.02,71.1,72.15,73.05,73.9,74.76,75.46,1%
T1S39,63.71,22.45,47.1,8.64,8.62,8.37,8.48,8.56,8.56,8.61,8.67,8.79,8.92,9.15,9.42,9.74,10.22,10.99,12.53,15.91,21.16,27.51,33.66,38.63,42.26,45.49,48.44,50.76,52.86,54.83,56.41,57.96,59.44,61.13,62.83,64.14,65.44,66.77,68.1,69.2,70.36,71.4,72.32,73.22,74.08,74.89,1%
T1S40,63.69,22.48,47.18,8.65,8.64,8.36,8.5,8.56,8.56,8.6,8.66,8.76,8.89,9.1,9.36,9.7,10.18,10.99,12.54,15.88,21.12,27.49,33.63,38.6,42.24,45.49,48.43,50.78,52.85,54.82,56.41,58.01,59.49,61.18,62.88,64.19,65.5,66.82,68.1,69.26,70.35,71.41,72.36,73.18,74,74.75,1%
T1S41,64.3,22.32,47.66,8.73,8.7,8.39,8.61,8.68,8.7,8.75,8.81,8.92,9.07,9.27,9.53,9.87,10.37,11.19,12.82,16.34,21.79,28.34,34.59,39.6,43.26,46.48,49.4,51.73,53.84,55.75,57.3,58.88,60.36,61.99,63.67,64.97,66.28,67.53,68.85,69.94,71.04,72.08,72.98,73.78,74.61,75.41,1%
T1S42,64.53,22.09,47.62,8.82,8.8,8.52,8.65,8.77,8.78,8.84,8.92,9.04,9.19,9.41,9.69,10.06,10.57,11.41,13.06,16.62,22.11,28.7,34.96,39.95,43.58,46.78,49.7,52.01,54.03,55.97,57.52,59.07,60.52,62.16,63.82,65.11,66.42,67.68,68.96,70.04,71.14,72.19,73.09,73.93,74.74,75.52,1%
T1S43,63.34,22.53,46.82,8.63,8.62,8.22,8.39,8.48,8.48,8.52,8.58,8.69,8.82,9.03,9.28,9.63,10.1,10.88,12.39,15.66,20.78,27.02,33.08,38.02,41.63,44.87,47.82,50.17,52.27,54.27,55.8,57.45,58.99,60.66,62.39,63.73,65.06,66.35,67.71,68.84,69.98,71.07,72,72.83,73.7,74.51,1%
T1S44,63.65,22.62,47.27,8.59,8.56,8.28,8.43,8.51,8.52,8.56,8.61,8.71,8.86,9.06,9.29,9.63,10.09,10.86,12.42,15.77,21.01,27.4,33.55,38.55,42.2,45.44,48.43,50.77,52.9,54.84,56.42,58.05,59.5,61.21,62.91,64.25,65.59,66.89,68.18,69.35,70.49,71.54,72.46,73.31,74.15,74.93,1%
T1S45,64.49,22.25,47.82,8.77,8.76,8.44,8.61,8.71,8.73,8.78,8.85,8.97,9.12,9.33,9.59,9.93,10.43,11.26,12.92,16.49,22.01,28.62,34.9,39.93,43.58,46.8,49.72,52.02,54.1,56.03,57.58,59.13,60.65,62.27,63.93,65.22,66.5,67.78,69.07,70.2,71.3,72.35,73.28,74.08,74.86,75.56,1%
T1S46,64.52,22.18,47.78,8.78,8.75,8.36,8.63,8.7,8.72,8.77,8.86,8.99,9.15,9.37,9.64,10,10.49,11.33,12.97,16.54,22.06,28.69,34.95,39.99,43.62,46.82,49.74,52.04,54.1,56.06,57.58,59.17,60.57,62.25,63.89,65.18,66.48,67.76,69.04,70.15,71.24,72.27,73.21,74.04,74.81,75.51,1%
T1S47,63.68,22.47,47.22,8.61,8.59,8.25,8.46,8.51,8.5,8.55,8.61,8.73,8.88,9.09,9.36,9.7,10.19,10.99,12.54,15.89,21.12,27.48,33.59,38.59,42.21,45.45,48.43,50.72,52.84,54.81,56.37,58,59.5,61.15,62.87,64.21,65.53,66.84,68.17,69.3,70.43,71.5,72.48,73.32,74.12,74.88,1%
T1S48,63.74,22.57,47.39,8.61,8.56,8.28,8.42,8.51,8.52,8.55,8.61,8.72,8.86,9.06,9.32,9.65,10.11,10.9,12.45,15.83,21.11,27.52,33.69,38.71,42.38,45.6,48.55,50.92,53.01,54.97,56.52,58.13,59.7,61.29,62.99,64.3,65.61,66.91,68.23,69.36,70.45,71.53,72.46,73.32,74.09,74.82,1%
T1S49,63.59,22.64,47.28,8.59,8.57,8.23,8.42,8.49,8.49,8.52,8.57,8.68,8.81,9.01,9.27,9.61,10.11,10.9,12.42,15.76,20.94,27.27,33.4,38.43,42.09,45.35,48.34,50.7,52.81,54.8,56.38,58.01,59.53,61.17,62.89,64.23,65.56,66.87,68.21,69.29,70.43,71.51,72.46,73.31,74.12,74.92,1%
T1S50,63.87,22.43,47.32,8.65,8.61,8.34,8.48,8.56,8.57,8.61,8.68,8.79,8.94,9.16,9.43,9.78,10.27,11.07,12.64,16.03,21.29,27.69,33.87,38.88,42.54,45.77,48.73,51.03,53.13,55.12,56.65,58.25,59.75,61.36,63.06,64.36,65.67,66.96,68.28,69.39,70.52,71.58,72.49,73.3,74.15,74.94,1%
T2S01,64.51,22.45,46.49,9.09,9.06,9.03,9.18,9.3,9.33,9.37,9.41,9.49,9.59,9.7,9.9,10.19,10.67,11.46,13.09,16.53,21.93,28.45,34.75,39.82,43.53,46.79,49.75,52.08,54.14,56.12,57.68,59.24,60.78,62.39,64.04,65.31,66.61,67.87,69.2,70.3,71.39,72.45,73.4,74.24,74.97,75.76,2%
T2S02,64.36,22.7,46.54,9.02,9.01,8.99,9.04,9.21,9.25,9.3,9.33,9.41,9.5,9.63,9.79,10.04,10.49,11.25,12.84,16.28,21.67,28.21,34.51,39.6,43.35,46.64,49.6,51.96,54.1,56.03,57.62,59.18,60.67,62.34,64,65.27,66.56,67.84,69.19,70.29,71.32,72.37,73.32,74.12,74.9,75.64,2%
T2S03,64.21,22.48,46.35,8.98,8.93,9.03,9.03,9.17,9.22,9.25,9.29,9.36,9.46,9.59,9.8,10.09,10.58,11.37,12.98,16.36,21.64,28.06,34.28,39.31,43.01,46.28,49.24,51.58,53.69,55.61,57.19,58.83,60.32,61.96,63.63,64.92,66.22,67.52,68.86,69.96,71.04,72.11,73.05,73.84,74.64,75.38,2%
T2S04,64.52,22.49,46.7,8.99,8.95,9.03,9.05,9.21,9.25,9.3,9.33,9.41,9.52,9.66,9.84,10.15,10.63,11.43,13.05,16.52,21.92,28.46,34.76,39.82,43.56,46.83,49.77,52.13,54.24,56.21,57.78,59.33,60.82,62.48,64.12,65.4,66.7,67.95,69.3,70.39,71.46,72.5,73.41,74.26,75.03,75.85,2%
T2S05,64.38,22.44,46.46,9.04,9.01,8.98,9.12,9.23,9.27,9.31,9.34,9.42,9.52,9.65,9.84,10.14,10.62,11.43,13.02,16.46,21.83,28.32,34.57,39.61,43.3,46.56,49.51,51.84,53.95,55.89,57.49,59.03,60.49,62.18,63.84,65.14,66.44,67.72,69.06,70.16,71.21,72.31,73.27,74.07,74.85,75.68,2%
T2S06,64.25,22.5,46.42,9.01,9.01,9.01,9.09,9.19,9.21,9.25,9.29,9.36,9.46,9.59,9.78,10.08,10.56,11.36,12.96,16.35,21.67,28.11,34.35,39.39,43.08,46.36,49.31,51.64,53.77,55.71,57.33,58.88,60.39,62.07,63.73,65.01,66.33,67.62,68.96,70.05,71.11,72.17,73.14,73.93,74.74,75.52,2%
T2S07,64.35,22.42,46.51,9.03,9.01,9.04,9.06,9.19,9.23,9.28,9.31,9.38,9.49,9.63,9.81,10.11,10.59,11.39,13.01,16.44,21.8,28.3,34.54,39.58,43.27,46.52,49.47,51.79,53.88,55.8,57.41,58.94,60.41,62.11,63.75,65.03,66.33,67.58,68.95,70.05,71.12,72.2,73.12,73.92,74.69,75.48,2%
T2S08,64.49,22.43,46.66,9.06,9.05,8.99,9.06,9.2,9.24,9.28,9.33,9.41,9.52,9.65,9.85,10.16,10.63,11.44,13.07,16.54,21.94,28.46,34.73,39.8,43.49,46.76,49.7,52.06,54.13,56.12,57.69,59.19,60.75,62.37,64.03,65.31,66.62,67.89,69.23,70.33,71.39,72.45,73.41,74.17,74.97,75.74,2%
T2S09,64.57,22.41,46.7,9.07,9.07,8.91,9.12,9.22,9.25,9.3,9.35,9.43,9.54,9.68,9.87,10.21,10.7,11.52,13.17,16.61,22,28.53,34.82,39.9,43.61,46.87,49.83,52.18,54.28,56.23,57.84,59.35,60.89,62.53,64.18,65.47,66.77,68.05,69.38,70.48,71.5,72.56,73.49,74.3,75.11,75.89,2%
T2S10,64.46,22.38,46.65,9.02,9.01,9.01,9.06,9.19,9.22,9.27,9.31,9.39,9.48,9.63,9.86,10.17,10.66,11.47,13.11,16.55,21.93,28.43,34.68,39.72,43.43,46.69,49.62,51.97,54.08,56.02,57.59,59.17,60.66,62.32,63.96,65.25,66.55,67.84,69.15,70.26,71.33,72.39,73.29,74.11,74.9,75.67,2%
T2S11,64.32,22.41,46.58,9,8.97,8.91,9.02,9.15,9.18,9.22,9.26,9.34,9.45,9.58,9.78,10.11,10.59,11.4,13.01,16.44,21.78,28.25,34.49,39.53,43.22,46.47,49.41,51.74,53.84,55.76,57.39,58.93,60.43,62.09,63.75,65.03,66.32,67.61,68.94,70.07,71.15,72.19,73.11,73.94,74.74,75.54,2%
T2S12,64.23,22.5,46.49,9.04,9.03,8.97,9,9.14,9.19,9.23,9.26,9.34,9.42,9.56,9.76,10.05,10.54,11.33,12.93,16.32,21.64,28.1,34.34,39.37,43.09,46.34,49.29,51.65,53.73,55.68,57.29,58.8,60.38,61.99,63.64,64.93,66.23,67.51,68.84,69.91,70.99,72.05,73.01,73.77,74.58,75.43,2%
T2S13,64.35,22.41,46.58,9.04,9,8.93,9.01,9.18,9.21,9.25,9.29,9.37,9.47,9.59,9.8,10.09,10.57,11.38,12.99,16.43,21.82,28.31,34.56,39.59,43.27,46.54,49.46,51.79,53.87,55.83,57.38,58.94,60.47,62.1,63.74,65.01,66.29,67.56,68.89,70.01,71.08,72.12,73.06,73.85,74.68,75.47,2%
T2S14,64.52,22.46,46.74,9.06,9.05,8.99,9.06,9.2,9.24,9.27,9.32,9.4,9.51,9.65,9.84,10.15,10.63,11.43,13.05,16.52,21.93,28.49,34.78,39.85,43.56,46.84,49.8,52.13,54.23,56.18,57.75,59.3,60.79,62.46,64.1,65.38,66.67,67.95,69.31,70.37,71.42,72.5,73.41,74.23,74.99,75.82,2%
T2S15,64.4,22.42,46.72,9,8.98,8.94,9.03,9.14,9.17,9.22,9.26,9.34,9.45,9.59,9.78,10.11,10.61,11.42,13.04,16.48,21.85,28.34,34.61,39.65,43.35,46.62,49.58,51.9,54,55.94,57.53,59.08,60.61,62.23,63.88,65.17,66.46,67.75,69.08,70.19,71.24,72.29,73.25,74.03,74.87,75.64,2%
T2S16,64.41,22.22,46.64,9.08,9.05,8.99,9.08,9.18,9.2,9.24,9.28,9.36,9.47,9.61,9.82,10.13,10.63,11.45,13.09,16.57,21.98,28.48,34.69,39.67,43.32,46.54,49.45,51.78,53.82,55.75,57.35,58.88,60.37,62.01,63.64,64.93,66.22,67.48,68.83,69.93,70.97,72.03,72.96,73.77,74.56,75.38,2%
T2S17,64.4,22.2,46.66,9.03,9,8.99,9.04,9.13,9.17,9.2,9.25,9.34,9.45,9.6,9.82,10.15,10.66,11.49,13.13,16.58,21.95,28.44,34.66,39.65,43.31,46.53,49.44,51.75,53.81,55.75,57.32,58.9,60.34,62.01,63.66,64.93,66.21,67.51,68.82,69.95,70.99,72.05,73.01,73.8,74.58,75.35,2%
T2S18,64.36,22.4,46.62,9.05,9.03,8.88,9.03,9.14,9.18,9.21,9.26,9.34,9.45,9.59,9.8,10.12,10.61,11.43,13.04,16.46,21.81,28.29,34.53,39.56,43.25,46.52,49.44,51.79,53.93,55.85,57.43,58.99,60.51,62.17,63.84,65.12,66.42,67.73,69.09,70.2,71.24,72.29,73.23,74.09,74.87,75.61,2%
T2S19,64.29,22.39,46.55,8.98,8.91,8.89,9.03,9.12,9.16,9.2,9.24,9.32,9.43,9.58,9.79,10.12,10.62,11.43,13.04,16.43,21.75,28.2,34.42,39.43,43.13,46.4,49.32,51.67,53.79,55.68,57.29,58.86,60.38,62.04,63.69,64.98,66.29,67.56,68.91,70.03,71.09,72.13,73.09,73.92,74.7,75.48,2%
T2S20,64.61,22.23,46.98,9.02,8.96,8.93,9.04,9.12,9.14,9.18,9.23,9.33,9.46,9.64,9.85,10.2,10.71,11.53,13.19,16.68,22.13,28.69,34.97,40.01,43.69,46.93,49.86,52.16,54.26,56.16,57.73,59.27,60.68,62.35,63.97,65.23,66.47,67.77,69.09,70.15,71.2,72.24,73.13,73.95,74.7,75.42,2%
T2S21,64.71,22.08,46.95,9.11,9.08,9.02,9.08,9.19,9.21,9.25,9.3,9.4,9.52,9.68,9.92,10.27,10.8,11.63,13.3,16.85,22.33,28.89,35.15,40.15,43.82,47.04,49.94,52.22,54.33,56.2,57.78,59.32,60.8,62.41,64.04,65.28,66.52,67.81,69.13,70.2,71.24,72.28,73.19,73.97,74.8,75.52,2%
T2S22,64.43,22.44,46.71,8.99,8.95,8.92,9.03,9.15,9.19,9.23,9.27,9.36,9.48,9.62,9.79,10.12,10.6,11.39,13,16.47,21.87,28.39,34.67,39.71,43.42,46.69,49.62,51.98,54.06,56,57.58,59.15,60.57,62.31,63.94,65.23,66.51,67.81,69.18,70.26,71.3,72.34,73.31,74.1,74.88,75.68,2%
T2S23,64.24,22.47,46.57,9,8.98,8.85,9.02,9.11,9.14,9.17,9.21,9.29,9.39,9.55,9.76,10.07,10.58,11.39,12.99,16.37,21.67,28.1,34.31,39.35,43.05,46.33,49.29,51.64,53.72,55.72,57.31,58.89,60.4,62.05,63.73,65.03,66.33,67.58,68.96,70.05,71.14,72.19,73.11,73.95,74.74,75.44,2%
T2S24,64.81,22.01,47.12,9.1,9.06,8.91,9.06,9.14,9.17,9.21,9.26,9.36,9.49,9.7,9.97,10.32,10.87,11.72,13.41,16.93,22.43,29.02,35.29,40.32,43.97,47.2,50.11,52.39,54.46,56.36,57.92,59.42,60.98,62.53,64.15,65.4,66.64,67.89,69.17,70.29,71.35,72.38,73.3,74.09,74.83,75.59,2%
T2S25,64.66,22.07,47.08,9.07,9.06,8.83,9.01,9.1,9.12,9.16,9.21,9.31,9.43,9.63,9.88,10.23,10.77,11.62,13.3,16.81,22.26,28.81,35.06,40.08,43.73,46.95,49.85,52.19,54.21,56.13,57.69,59.24,60.74,62.36,63.98,65.23,66.48,67.72,69.07,70.16,71.16,72.22,73.13,73.96,74.69,75.46,2%
T2S26,64.28,22.5,46.58,9.06,9.08,8.87,9.02,9.13,9.16,9.2,9.24,9.32,9.42,9.58,9.77,10.08,10.57,11.36,12.96,16.36,21.68,28.15,34.41,39.44,43.15,46.43,49.39,51.74,53.85,55.78,57.4,58.93,60.49,62.12,63.79,65.08,66.36,67.63,69,70.15,71.22,72.26,73.2,74.02,74.83,75.61,2%
T2S27,64.35,22.48,46.83,8.97,8.93,8.89,8.97,9.08,9.1,9.14,9.18,9.27,9.37,9.52,9.74,10.07,10.55,11.34,12.97,16.39,21.76,28.26,34.52,39.56,43.27,46.56,49.51,51.85,53.97,55.87,57.52,59.07,60.59,62.25,63.91,65.21,66.48,67.76,69.11,70.2,71.28,72.37,73.3,74.11,74.9,75.68,2%
T2S28,64.68,22.13,47.26,8.93,8.88,8.81,8.97,9.04,9.05,9.09,9.15,9.26,9.39,9.58,9.85,10.21,10.74,11.59,13.26,16.77,22.25,28.81,35.09,40.12,43.8,47.04,49.96,52.24,54.34,56.26,57.84,59.33,60.82,62.47,64.09,65.36,66.63,67.87,69.19,70.29,71.34,72.38,73.28,74.05,74.83,75.58,2%
T2S29,64.73,22.04,47.21,9.01,8.96,8.96,8.94,9.07,9.09,9.13,9.19,9.29,9.43,9.63,9.89,10.25,10.79,11.65,13.33,16.87,22.35,28.92,35.18,40.2,43.87,47.09,49.98,52.28,54.36,56.24,57.83,59.35,60.85,62.47,64.09,65.35,66.63,67.89,69.21,70.29,71.33,72.37,73.3,74.09,74.85,75.64,2%
T2S30,64.31,22.33,46.68,8.94,8.87,8.93,8.97,9.09,9.11,9.15,9.19,9.27,9.38,9.55,9.77,10.12,10.64,11.47,13.07,16.49,21.8,28.24,34.45,39.47,43.14,46.4,49.35,51.69,53.78,55.74,57.32,58.9,60.43,62.08,63.73,65.02,66.32,67.61,68.98,70.08,71.16,72.22,73.17,74.02,74.79,75.56,2%
T2S31,64.41,22.37,46.77,8.99,8.94,8.92,8.99,9.11,9.14,9.18,9.22,9.31,9.43,9.58,9.78,10.13,10.64,11.46,13.09,16.52,21.87,28.35,34.6,39.64,43.33,46.6,49.56,51.9,53.97,55.95,57.5,59.06,60.59,62.24,63.88,65.16,66.45,67.71,69.08,70.17,71.21,72.26,73.19,73.98,74.78,75.55,2%
T2S32,64.3,22.32,46.72,8.96,8.93,8.86,8.97,9.06,9.09,9.13,9.17,9.26,9.37,9.53,9.74,10.09,10.62,11.45,13.07,16.48,21.8,28.23,34.45,39.47,43.14,46.4,49.33,51.66,53.77,55.69,57.28,58.9,60.36,62.06,63.71,65.01,66.33,67.62,68.95,70.06,71.13,72.23,73.17,74,74.78,75.58,2%
T2S33,64.28,22.31,47.03,8.89,8.84,8.75,8.84,8.92,8.92,8.95,9.01,9.12,9.25,9.43,9.69,10.06,10.58,11.4,13.02,16.44,21.76,28.21,34.43,39.45,43.12,46.37,49.31,51.63,53.75,55.71,57.3,58.83,60.35,62.01,63.66,64.95,66.22,67.53,68.88,69.97,71.07,72.09,73.01,73.85,74.64,75.45,2%
T2S34,64.31,22.28,47.1,8.9,8.87,8.72,8.82,8.92,8.93,8.96,9.02,9.12,9.25,9.45,9.68,10.04,10.56,11.38,13.01,16.45,21.81,28.29,34.53,39.52,43.21,46.45,49.37,51.72,53.77,55.71,57.29,58.86,60.34,62.02,63.66,64.95,66.23,67.52,68.84,69.93,70.99,72.03,72.96,73.8,74.59,75.39,2%
T2S35,64.05,22.48,46.6,8.89,8.84,8.79,8.9,8.99,9.01,9.05,9.09,9.17,9.27,9.43,9.65,9.98,10.48,11.3,12.88,16.23,21.47,27.86,34.04,39.05,42.75,46.02,48.96,51.32,53.43,55.38,56.98,58.56,60.13,61.73,63.41,64.7,66.01,67.3,68.65,69.78,70.86,71.92,72.88,73.69,74.52,75.34,2%
T2S36,64.27,22.49,46.73,8.95,8.89,8.8,8.96,9.07,9.1,9.13,9.17,9.25,9.36,9.52,9.72,10.05,10.54,11.35,12.95,16.35,21.67,28.13,34.38,39.44,43.13,46.4,49.35,51.72,53.85,55.75,57.37,58.94,60.44,62.11,63.76,65.05,66.35,67.64,69,70.11,71.2,72.26,73.19,74.01,74.76,75.57,2%
T2S37,64.5,22.3,47.32,8.91,8.81,8.71,8.9,8.94,8.95,8.98,9.03,9.13,9.27,9.48,9.73,10.07,10.61,11.43,13.05,16.53,21.95,28.5,34.81,39.86,43.55,46.78,49.73,52.04,54.16,56.07,57.62,59.16,60.7,62.3,63.94,65.22,66.49,67.76,69.12,70.19,71.3,72.36,73.3,74.1,74.84,75.63,2%
T2S38,64.45,22.23,47.23,8.88,8.83,8.77,8.81,8.93,8.95,8.98,9.03,9.13,9.27,9.47,9.74,10.09,10.63,11.46,13.11,16.57,21.95,28.45,34.72,39.76,43.43,46.67,49.62,51.94,53.97,55.91,57.53,59.04,60.61,62.19,63.83,65.09,66.37,67.63,68.97,70.04,71.09,72.14,73.09,73.91,74.67,75.46,2%
T2S39,64.36,22.42,46.81,8.99,8.98,8.92,9.01,9.08,9.1,9.14,9.19,9.27,9.38,9.53,9.76,10.1,10.59,11.41,13.02,16.44,21.79,28.28,34.52,39.58,43.28,46.54,49.49,51.84,53.93,55.89,57.46,59.03,60.54,62.22,63.88,65.17,66.43,67.72,69.08,70.18,71.27,72.32,73.26,74.08,74.92,75.64,2%
T2S40,64.4,22.45,46.99,8.95,8.91,8.86,8.91,9.05,9.07,9.1,9.15,9.23,9.34,9.5,9.71,10.05,10.55,11.37,13,16.44,21.81,28.32,34.6,39.65,43.36,46.63,49.6,51.92,54.05,55.97,57.58,59.15,60.68,62.29,63.94,65.23,66.54,67.81,69.14,70.22,71.31,72.36,73.3,74.12,74.91,75.67,2%
T2S41,64.38,22.4,47.15,8.83,8.78,8.82,8.77,8.92,8.95,8.98,9.03,9.14,9.27,9.46,9.71,10.04,10.54,11.36,12.98,16.41,21.8,28.31,34.57,39.66,43.35,46.61,49.56,51.88,54,55.92,57.51,59.02,60.55,62.19,63.82,65.09,66.39,67.65,68.97,70.07,71.11,72.17,73.11,73.87,74.66,75.38,2%
T2S42,64.25,22.29,47.08,8.86,8.8,8.68,8.83,8.89,8.9,8.93,8.98,9.08,9.22,9.41,9.67,10.03,10.55,11.39,13.03,16.42,21.74,28.19,34.39,39.41,43.09,46.33,49.27,51.6,53.71,55.66,57.23,58.79,60.26,61.94,63.61,64.88,66.18,67.47,68.82,69.93,70.99,72.03,72.97,73.82,74.56,75.3,2%
T2S43,64.38,22.37,47.14,8.91,8.87,8.74,8.8,8.92,8.94,8.98,9.04,9.15,9.28,9.47,9.7,10.05,10.56,11.36,12.98,16.42,21.8,28.33,34.6,39.67,43.35,46.6,49.55,51.87,53.93,55.92,57.45,58.98,60.53,62.13,63.75,65.03,66.31,67.55,68.92,70,71.11,72.11,73.04,73.84,74.64,75.4,2%
T2S44,64.55,22.36,47.06,8.99,8.96,8.82,8.98,9.07,9.1,9.14,9.19,9.28,9.39,9.55,9.8,10.13,10.66,11.5,13.13,16.59,21.99,28.54,34.82,39.87,43.59,46.87,49.78,52.15,54.26,56.23,57.78,59.31,60.86,62.5,64.16,65.43,66.7,67.99,69.32,70.42,71.47,72.49,73.38,74.26,75.04,75.81,2%
T2S45,64.52,22.32,46.98,8.98,8.92,8.89,8.94,9.09,9.12,9.16,9.21,9.3,9.4,9.56,9.78,10.13,10.65,11.48,13.13,16.59,21.99,28.52,34.8,39.84,43.53,46.8,49.72,52.05,54.14,56.11,57.67,59.19,60.72,62.38,64.01,65.29,66.58,67.87,69.2,70.3,71.35,72.38,73.3,74.14,74.93,75.69,2%
T2S46,64.56,22.13,47.41,8.91,8.85,8.74,8.82,8.91,8.93,8.95,9.01,9.12,9.26,9.48,9.75,10.14,10.67,11.52,13.18,16.68,22.11,28.65,34.92,39.94,43.61,46.86,49.77,52.06,54.15,56.06,57.64,59.13,60.71,62.28,63.91,65.18,66.45,67.74,69.03,70.11,71.16,72.21,73.11,73.97,74.75,75.55,2%
T2S47,64.68,22.2,47.45,8.9,8.82,8.84,8.89,8.96,8.97,9,9.06,9.17,9.32,9.54,9.8,10.18,10.72,11.56,13.22,16.73,22.19,28.76,35.07,40.12,43.81,47.08,49.99,52.32,54.41,56.35,57.89,59.44,60.94,62.55,64.19,65.46,66.75,67.99,69.29,70.37,71.46,72.5,73.43,74.26,75.03,75.8,2%
T2S48,64.63,22.08,47.38,8.93,8.88,8.81,8.83,8.94,8.96,9,9.06,9.17,9.31,9.52,9.8,10.19,10.73,11.59,13.26,16.77,22.21,28.75,35.01,40.05,43.71,46.94,49.86,52.16,54.23,56.15,57.74,59.24,60.74,62.38,64,65.27,66.55,67.77,69.11,70.2,71.25,72.27,73.19,74.04,74.84,75.63,2%
T2S49,64.47,22.37,46.9,9,8.96,8.92,8.94,9.09,9.11,9.15,9.2,9.28,9.4,9.57,9.8,10.15,10.66,11.48,13.11,16.55,21.93,28.42,34.68,39.73,43.43,46.7,49.64,52.01,54.11,56.03,57.66,59.18,60.74,62.37,64.02,65.3,66.57,67.88,69.21,70.28,71.36,72.4,73.33,74.19,74.93,75.75,2%
T2S50,64.46,22.36,46.99,8.95,8.92,8.88,8.95,9.05,9.08,9.12,9.16,9.25,9.37,9.53,9.76,10.11,10.63,11.47,13.09,16.54,21.92,28.43,34.69,39.74,43.44,46.71,49.64,51.99,54.1,56.04,57.6,59.15,60.71,62.32,63.97,65.26,66.57,67.83,69.21,70.26,71.34,72.41,73.31,74.11,74.98,75.73,2%
T3S01,64.48,21.96,47.01,9.12,9.11,9,9.04,9.13,9.13,9.16,9.19,9.26,9.34,9.47,9.73,10.13,10.73,11.71,13.39,16.85,22.15,28.56,34.74,39.75,43.39,46.61,49.5,51.78,53.87,55.78,57.34,58.91,60.39,62.02,63.67,64.96,66.24,67.5,68.83,69.9,71.01,72.09,72.98,73.81,74.58,75.36,3%
T3S02,64.69,22.02,47.13,9.12,9.11,8.94,9.12,9.2,9.2,9.23,9.26,9.33,9.42,9.56,9.81,10.21,10.82,11.77,13.47,16.95,22.32,28.8,35.05,40.1,43.75,46.98,49.9,52.19,54.28,56.21,57.77,59.34,60.78,62.41,64.07,65.35,66.62,67.9,69.19,70.3,71.38,72.44,73.36,74.2,74.96,75.7,3%
T3S03,64.79,22,47.24,9.1,9.06,8.98,9.06,9.19,9.21,9.25,9.29,9.36,9.46,9.57,9.81,10.21,10.8,11.78,13.47,16.99,22.42,28.96,35.23,40.28,43.94,47.17,50.1,52.37,54.45,56.33,57.91,59.44,60.9,62.5,64.14,65.43,66.69,67.98,69.29,70.35,71.44,72.47,73.35,74.18,74.9,75.63,3%
T3S04,64.82,21.92,47.18,9.21,9.22,8.94,9.15,9.22,9.22,9.28,9.31,9.38,9.47,9.61,9.85,10.27,10.89,11.88,13.57,17.08,22.49,28.99,35.24,40.29,43.95,47.17,50.07,52.37,54.41,56.34,57.92,59.45,60.92,62.58,64.21,65.49,66.76,68.04,69.35,70.41,71.51,72.58,73.48,74.28,75.07,75.74,3%
T3S05,64.9,21.73,47.56,9.14,9.12,9.07,9.03,9.13,9.13,9.16,9.2,9.28,9.39,9.53,9.82,10.23,10.84,11.82,13.56,17.16,22.67,29.25,35.51,40.52,44.13,47.31,50.17,52.41,54.48,56.32,57.84,59.36,60.77,62.41,64.01,65.27,66.51,67.74,69.04,70.07,71.17,72.19,73.06,73.85,74.64,75.38,3%
T3S06,64.78,21.71,47.5,9.11,9.07,8.86,9.08,9.1,9.1,9.14,9.17,9.24,9.34,9.49,9.75,10.17,10.78,11.75,13.47,17.06,22.57,29.13,35.37,40.36,43.92,47.09,49.95,52.16,54.21,56.08,57.59,59.09,60.52,62.14,63.75,65,66.22,67.52,68.81,69.88,70.94,72,72.87,73.65,74.41,75.19,3%
T3S07,64.63,22.09,47.3,9.12,9.09,8.9,9.04,9.13,9.13,9.17,9.19,9.25,9.34,9.47,9.71,10.11,10.7,11.65,13.34,16.81,22.21,28.72,34.99,40.05,43.72,46.96,49.86,52.16,54.24,56.14,57.67,59.26,60.7,62.34,63.98,65.25,66.5,67.78,69.13,70.19,71.28,72.33,73.23,74.03,74.81,75.58,3%
T3S08,64.91,22.02,47.42,9.12,9.1,8.99,9.09,9.19,9.21,9.25,9.28,9.36,9.46,9.59,9.83,10.22,10.83,11.79,13.49,17.03,22.51,29.1,35.42,40.5,44.16,47.39,50.33,52.59,54.68,56.54,58.11,59.65,61.11,62.75,64.37,65.62,66.88,68.16,69.45,70.53,71.62,72.63,73.53,74.34,75.1,75.85,3%
T3S09,64.76,21.74,47.46,9.13,9.07,8.94,9.02,9.08,9.08,9.11,9.14,9.22,9.33,9.5,9.78,10.22,10.84,11.83,13.55,17.08,22.52,29.03,35.25,40.25,43.85,47.04,49.91,52.16,54.22,56.11,57.66,59.22,60.61,62.24,63.87,65.14,66.41,67.68,69,70.07,71.12,72.17,73.06,73.86,74.61,75.33,3%
T3S10,64.97,21.47,47.62,9.18,9.15,8.95,9.06,9.14,9.12,9.14,9.18,9.27,9.39,9.55,9.87,10.32,10.98,12,13.77,17.37,22.88,29.42,35.64,40.62,44.19,47.33,50.17,52.39,54.46,56.27,57.79,59.3,60.76,62.36,63.96,65.21,66.46,67.66,69.01,70.04,71.08,72.11,72.97,73.77,74.54,75.25,3%
T3S11,64.98,21.89,47.4,9.13,9.13,9.05,9.15,9.22,9.24,9.28,9.32,9.39,9.49,9.62,9.87,10.29,10.92,11.92,13.65,17.2,22.67,29.22,35.51,40.56,44.23,47.46,50.36,52.64,54.72,56.58,58.15,59.76,61.12,62.79,64.43,65.71,66.98,68.27,69.57,70.68,71.75,72.76,73.64,74.47,75.27,76.06,3%
T3S12,64.9,21.99,47.46,9.14,9.12,8.92,9.09,9.17,9.17,9.22,9.26,9.33,9.44,9.57,9.83,10.23,10.84,11.81,13.51,17.05,22.52,29.09,35.4,40.47,44.15,47.38,50.28,52.56,54.68,56.55,58.1,59.66,61.08,62.75,64.38,65.63,66.88,68.18,69.46,70.55,71.65,72.67,73.54,74.39,75.16,75.88,3%
T3S13,64.64,21.95,47.49,9.07,9.04,8.86,8.94,9.02,9.01,9.03,9.07,9.15,9.26,9.43,9.72,10.14,10.76,11.74,13.42,16.91,22.28,28.76,34.99,40.02,43.7,46.91,49.85,52.1,54.23,56.06,57.66,59.2,60.61,62.3,63.92,65.18,66.45,67.75,69.03,70.11,71.19,72.21,73.08,73.91,74.67,75.47,3%
T3S14,64.98,21.65,47.71,9.19,9.16,8.89,9.08,9.1,9.09,9.12,9.16,9.25,9.37,9.55,9.86,10.3,10.94,11.95,13.68,17.28,22.79,29.35,35.61,40.62,44.22,47.42,50.29,52.54,54.59,56.45,58,59.52,60.95,62.59,64.18,65.42,66.66,67.94,69.25,70.29,71.35,72.39,73.31,74.07,74.81,75.54,3%
T3S15,64.87,22,47.39,9.15,9.14,9,9.08,9.18,9.19,9.23,9.26,9.33,9.44,9.58,9.84,10.24,10.86,11.84,13.55,17.07,22.49,29.03,35.33,40.39,44.08,47.33,50.23,52.53,54.61,56.51,58.1,59.67,61.01,62.79,64.4,65.67,66.94,68.22,69.51,70.61,71.71,72.75,73.62,74.48,75.25,75.96,3%
T3S16,64.89,22.02,47.47,9.15,9.12,8.89,9.07,9.16,9.16,9.2,9.24,9.32,9.43,9.57,9.82,10.22,10.82,11.78,13.48,17.02,22.49,29.07,35.38,40.45,44.13,47.37,50.27,52.56,54.68,56.54,58.09,59.67,61.04,62.72,64.36,65.62,66.89,68.16,69.45,70.49,71.61,72.65,73.53,74.37,75.1,75.85,3%
T3S17,64.85,21.69,47.64,9.13,9.1,8.91,8.97,9.04,9.02,9.06,9.1,9.19,9.32,9.5,9.81,10.27,10.9,11.9,13.64,17.18,22.63,29.15,35.39,40.38,44,47.2,50.06,52.33,54.41,56.25,57.82,59.4,60.7,62.4,64.03,65.28,66.53,67.79,69.09,70.14,71.23,72.25,73.16,73.92,74.7,75.48,3%
T3S18,64.74,21.84,47.52,9.07,9.02,8.88,8.96,9.02,9.01,9.05,9.09,9.18,9.31,9.48,9.77,10.2,10.83,11.82,13.52,17.03,22.43,28.93,35.15,40.19,43.84,47.06,49.95,52.19,54.3,56.17,57.72,59.27,60.71,62.32,63.95,65.21,66.45,67.74,69.06,70.09,71.17,72.22,73.11,73.93,74.67,75.36,3%
T3S19,64.83,21.95,47.53,9.06,9.02,8.91,9.04,9.1,9.1,9.14,9.18,9.26,9.37,9.51,9.79,10.2,10.81,11.8,13.52,17.05,22.47,29.01,35.3,40.35,44.02,47.24,50.16,52.45,54.52,56.4,57.97,59.53,61.02,62.6,64.23,65.49,66.78,68.04,69.35,70.42,71.49,72.56,73.47,74.23,74.98,75.74,3%
T3S20,64.89,21.98,47.46,9.12,9.08,8.94,9.08,9.17,9.18,9.21,9.25,9.32,9.42,9.56,9.82,10.22,10.85,11.84,13.55,17.09,22.52,29.06,35.35,40.42,44.1,47.33,50.24,52.55,54.6,56.52,58.13,59.67,61.1,62.78,64.42,65.68,66.95,68.24,69.55,70.56,71.68,72.75,73.67,74.49,75.18,75.87,3%
T3S21,64.89,21.74,47.79,9.07,9.03,8.93,8.93,9,8.99,9.03,9.07,9.16,9.29,9.48,9.78,10.22,10.87,11.86,13.59,17.15,22.62,29.18,35.45,40.47,44.1,47.31,50.19,52.46,54.49,56.34,57.9,59.44,60.81,62.48,64.09,65.33,66.56,67.83,69.14,70.13,71.21,72.21,73.1,73.93,74.64,75.39,3%
T3S22,64.96,21.54,47.66,9.1,9.04,8.86,9.03,9.06,9.05,9.08,9.14,9.23,9.37,9.56,9.87,10.34,11,12.02,13.79,17.36,22.82,29.33,35.57,40.54,44.15,47.33,50.19,52.43,54.5,56.32,57.88,59.42,60.8,62.49,64.09,65.34,66.57,67.84,69.16,70.18,71.27,72.29,73.22,74.03,74.74,75.54,3%
T3S23,64.92,21.93,47.43,9.16,9.12,8.96,9.06,9.19,9.2,9.23,9.27,9.34,9.44,9.59,9.85,10.28,10.9,11.89,13.6,17.14,22.58,29.12,35.42,40.49,44.13,47.39,50.3,52.58,54.65,56.55,58.1,59.68,61.11,62.77,64.41,65.68,66.94,68.21,69.54,70.57,71.69,72.73,73.64,74.44,75.2,76.05,3%
T3S24,64.88,21.96,47.75,9.05,9,8.78,8.98,9.04,9.05,9.09,9.13,9.21,9.32,9.47,9.74,10.16,10.78,11.76,13.49,17.05,22.52,29.09,35.39,40.45,44.11,47.36,50.25,52.57,54.64,56.51,58.06,59.62,61.08,62.74,64.38,65.63,66.88,68.18,69.47,70.48,71.6,72.65,73.54,74.36,75.12,75.87,3%
T3S25,64.74,21.96,47.73,9.04,8.99,8.76,8.91,8.95,8.94,8.97,9.02,9.11,9.25,9.43,9.72,10.16,10.77,11.71,13.41,16.92,22.35,28.9,35.16,40.22,43.9,47.11,50.02,52.3,54.39,56.25,57.86,59.43,60.78,62.45,64.08,65.34,66.58,67.87,69.17,70.21,71.3,72.35,73.25,74.05,74.8,75.57,3%
T3S26,64.8,21.58,47.63,9.05,9,8.91,8.93,8.98,8.98,9.01,9.06,9.15,9.29,9.49,9.82,10.26,10.91,11.92,13.67,17.21,22.63,29.13,35.33,40.3,43.9,47.08,49.92,52.18,54.24,56.09,57.64,59.17,60.54,62.25,63.86,65.12,66.36,67.64,68.93,70.03,71.09,72.12,73.03,73.85,74.62,75.33,3%
T3S27,64.98,21.85,47.64,9.07,9.02,8.96,9.06,9.13,9.13,9.18,9.21,9.29,9.41,9.56,9.84,10.26,10.9,11.9,13.63,17.2,22.67,29.24,35.53,40.6,44.26,47.49,50.38,52.66,54.74,56.6,58.16,59.7,61.14,62.76,64.4,65.66,66.92,68.17,69.48,70.54,71.62,72.64,73.51,74.37,75.12,75.87,3%
T3S28,64.95,21.93,47.59,9.06,9,9,9.06,9.15,9.16,9.19,9.23,9.3,9.42,9.55,9.83,10.24,10.87,11.85,13.58,17.13,22.6,29.18,35.48,40.56,44.21,47.45,50.37,52.65,54.7,56.61,58.18,59.71,61.22,62.82,64.46,65.72,66.97,68.27,69.57,70.63,71.69,72.73,73.62,74.45,75.18,75.98,3%
T3S29,64.99,21.53,47.91,9.06,9,8.88,8.9,8.97,8.97,9.01,9.06,9.15,9.29,9.51,9.83,10.31,10.97,11.99,13.74,17.34,22.83,29.39,35.63,40.64,44.24,47.41,50.26,52.51,54.54,56.39,57.94,59.48,60.85,62.49,64.12,65.36,66.6,67.85,69.14,70.21,71.27,72.3,73.16,74.01,74.74,75.48,3%
T3S30,64.77,21.87,47.85,8.99,8.93,8.82,8.87,8.91,8.89,8.93,8.98,9.08,9.21,9.41,9.73,10.16,10.8,11.78,13.48,17.02,22.44,28.96,35.22,40.26,43.93,47.16,50.06,52.34,54.4,56.27,57.84,59.4,60.8,62.48,64.11,65.36,66.61,67.89,69.16,70.21,71.27,72.32,73.23,74.09,74.81,75.49,3%
T3S31,64.94,21.89,47.6,9.1,9.07,8.89,9.04,9.11,9.12,9.16,9.2,9.28,9.4,9.55,9.83,10.25,10.87,11.86,13.59,17.15,22.61,29.16,35.45,40.53,44.18,47.41,50.33,52.59,54.64,56.56,58.13,59.63,61.15,62.75,64.38,65.65,66.89,68.17,69.5,70.56,71.65,72.67,73.56,74.41,75.18,75.92,3%
T3S32,64.95,21.82,47.44,9.14,9.09,8.96,9.06,9.16,9.19,9.23,9.27,9.34,9.46,9.59,9.89,10.29,10.92,11.92,13.63,17.19,22.65,29.22,35.5,40.54,44.17,47.4,50.29,52.54,54.62,56.49,58.02,59.59,60.96,62.65,64.28,65.53,66.77,68.07,69.38,70.43,71.52,72.55,73.46,74.27,75.05,75.79,3%
T3S33,64.87,21.88,47.93,8.97,8.92,8.89,8.84,8.93,8.92,8.96,9.01,9.11,9.25,9.44,9.74,10.18,10.81,11.78,13.5,17.06,22.52,29.09,35.39,40.45,44.13,47.35,50.24,52.51,54.6,56.48,57.98,59.59,60.96,62.61,64.2,65.46,66.69,67.96,69.26,70.31,71.38,72.39,73.3,74.1,74.82,75.59,3%
T3S34,64.82,21.68,47.79,9.04,8.98,8.82,8.9,8.92,8.9,8.95,9,9.1,9.25,9.45,9.77,10.24,10.9,11.9,13.63,17.17,22.58,29.08,35.29,40.31,43.94,47.16,50.04,52.29,54.32,56.22,57.77,59.3,60.78,62.39,64,65.26,66.5,67.8,69.07,70.11,71.2,72.23,73.1,73.92,74.67,75.41,3%
T3S35,64.79,22.1,47.51,9.08,9.03,8.82,9.01,9.1,9.11,9.13,9.17,9.25,9.36,9.5,9.76,10.16,10.76,11.73,13.45,16.95,22.36,28.88,35.17,40.26,43.95,47.2,50.14,52.45,54.56,56.45,58.06,59.62,61.02,62.73,64.39,65.67,66.93,68.19,69.52,70.54,71.68,72.71,73.61,74.46,75.22,75.97,3%
T3S36,64.84,21.96,47.64,9.06,9.04,8.83,8.99,9.06,9.06,9.1,9.14,9.22,9.33,9.49,9.76,10.19,10.82,11.81,13.52,17.06,22.47,29,35.29,40.36,44.05,47.28,50.19,52.46,54.57,56.45,58.03,59.59,61.03,62.7,64.36,65.63,66.87,68.19,69.51,70.55,71.65,72.69,73.55,74.38,75.15,75.88,3%
T3S37,64.97,21.56,47.95,9.07,9.04,8.73,8.91,8.94,8.91,8.96,9.02,9.12,9.27,9.48,9.83,10.29,10.96,12,13.75,17.32,22.79,29.33,35.59,40.59,44.21,47.38,50.24,52.5,54.54,56.38,57.95,59.49,60.85,62.52,64.14,65.38,66.62,67.88,69.19,70.26,71.34,72.35,73.24,74.05,74.8,75.47,3%
T3S38,64.94,21.75,47.96,9.01,8.95,8.8,8.89,8.94,8.92,8.95,9.01,9.11,9.26,9.46,9.8,10.26,10.9,11.88,13.64,17.2,22.67,29.22,35.48,40.53,44.18,47.41,50.31,52.55,54.64,56.49,58.06,59.57,61.01,62.66,64.28,65.52,66.78,68.04,69.31,70.37,71.44,72.47,73.36,74.17,74.9,75.56,3%
T3S39,64.95,22.02,47.67,9.1,9.04,8.85,9.05,9.1,9.12,9.16,9.21,9.29,9.4,9.54,9.81,10.21,10.8,11.77,13.49,17.06,22.55,29.16,35.48,40.57,44.27,47.5,50.42,52.71,54.79,56.63,58.22,59.78,61.23,62.85,64.5,65.76,66.99,68.28,69.58,70.62,71.69,72.73,73.61,74.46,75.22,75.94,3%
T3S40,64.97,21.83,47.66,9.11,9.07,8.88,9.03,9.1,9.09,9.14,9.19,9.27,9.39,9.55,9.84,10.28,10.92,11.92,13.66,17.21,22.66,29.22,35.51,40.55,44.21,47.45,50.32,52.62,54.72,56.59,58.15,59.7,61.09,62.8,64.42,65.69,66.94,68.24,69.51,70.57,71.71,72.75,73.63,74.44,75.21,75.92,3%
T3S41,65.05,21.6,48.06,9.03,8.97,8.86,8.89,8.94,8.94,8.97,9.03,9.13,9.29,9.49,9.83,10.3,10.98,11.99,13.76,17.37,22.86,29.43,35.7,40.72,44.33,47.52,50.4,52.67,54.71,56.62,58.16,59.69,61.1,62.77,64.39,65.64,66.89,68.14,69.45,70.48,71.58,72.65,73.52,74.31,75.04,75.75,3%
T3S42,64.76,21.84,47.83,9,8.95,8.67,8.83,8.88,8.86,8.91,8.96,9.07,9.21,9.42,9.73,10.17,10.8,11.78,13.47,17,22.44,28.96,35.22,40.24,43.9,47.11,50,52.27,54.36,56.21,57.78,59.34,60.74,62.39,64.02,65.26,66.49,67.78,69.07,70.14,71.17,72.22,73.09,73.92,74.64,75.4,3%
T3S43,64.91,21.99,47.68,9.09,9.06,8.89,9.04,9.1,9.1,9.14,9.18,9.26,9.35,9.51,9.77,10.18,10.8,11.8,13.5,17.04,22.52,29.1,35.41,40.51,44.17,47.4,50.33,52.6,54.68,56.57,58.14,59.68,61.1,62.76,64.4,65.66,66.91,68.18,69.51,70.57,71.63,72.66,73.57,74.4,75.18,75.89,3%
T3S44,64.98,21.94,47.76,9.09,9.05,8.82,9.02,9.07,9.07,9.11,9.16,9.24,9.36,9.53,9.81,10.25,10.88,11.87,13.6,17.16,22.61,29.18,35.49,40.58,44.25,47.51,50.42,52.71,54.8,56.68,58.26,59.8,61.24,62.86,64.51,65.79,67.05,68.33,69.61,70.67,71.81,72.81,73.69,74.5,75.29,76.06,3%
T3S45,64.9,21.6,48.1,9,8.95,8.68,8.81,8.85,8.83,8.87,8.93,9.04,9.19,9.41,9.74,10.21,10.89,11.91,13.68,17.25,22.71,29.25,35.49,40.47,44.1,47.3,50.15,52.43,54.45,56.31,57.89,59.43,60.81,62.52,64.15,65.41,66.66,67.94,69.23,70.31,71.41,72.46,73.34,74.13,74.94,75.73,3%
T3S46,64.83,21.62,47.91,8.94,8.86,8.81,8.82,8.88,8.85,8.9,8.96,9.06,9.2,9.42,9.77,10.24,10.9,11.92,13.64,17.2,22.62,29.12,35.35,40.35,43.98,47.18,50.05,52.3,54.33,56.24,57.75,59.3,60.71,62.33,63.93,65.2,66.44,67.72,68.98,70.03,71.11,72.14,73.04,73.86,74.61,75.3,3%
T3S47,64.66,22.18,47.56,9.03,9.01,8.82,8.96,9.02,9.02,9.05,9.09,9.17,9.27,9.41,9.69,10.08,10.67,11.64,13.32,16.79,22.17,28.69,35,40.08,43.78,47.04,49.98,52.29,54.41,56.29,57.86,59.46,60.89,62.57,64.22,65.49,66.73,68.07,69.38,70.43,71.52,72.55,73.41,74.27,75.04,75.74,3%
T3S48,64.64,22.22,47.66,9.03,8.99,8.7,8.93,8.96,8.96,9,9.04,9.12,9.23,9.38,9.64,10.03,10.62,11.56,13.22,16.72,22.13,28.67,34.99,40.06,43.77,47.05,49.98,52.28,54.39,56.27,57.84,59.43,60.81,62.51,64.13,65.39,66.64,67.93,69.24,70.3,71.36,72.42,73.3,74.11,74.83,75.57,3%
T3S49,64.94,21.67,48.09,8.98,8.92,8.67,8.82,8.86,8.85,8.89,8.95,9.06,9.21,9.42,9.77,10.24,10.91,11.92,13.67,17.24,22.7,29.24,35.51,40.53,44.17,47.37,50.24,52.51,54.59,56.45,58,59.56,60.93,62.6,64.23,65.49,66.73,68.02,69.32,70.38,71.45,72.49,73.39,74.23,74.99,75.69,3%
T3S50,64.7,21.86,47.96,8.9,8.87,8.69,8.78,8.81,8.79,8.83,8.89,8.99,9.14,9.34,9.68,10.12,10.74,11.73,13.43,16.95,22.36,28.88,35.13,40.16,43.82,47.05,49.93,52.21,54.27,56.14,57.74,59.23,60.72,62.33,63.95,65.21,66.44,67.72,69.04,70.06,71.15,72.18,73.07,73.87,74.64,75.34,3%
T5S01,65.65,21.61,47.54,9.39,9.37,9.21,9.44,9.49,9.5,9.54,9.58,9.66,9.78,9.97,10.27,10.73,11.4,12.44,14.25,17.88,23.44,30.1,36.48,41.59,45.26,48.48,51.41,53.7,55.71,57.64,59.13,60.73,62.17,63.79,65.41,66.65,67.9,69.15,70.42,71.55,72.53,73.59,74.45,75.2,76.07,76.89,5%
T5S02,65.45,21.73,47.42,9.36,9.35,9.19,9.32,9.43,9.46,9.48,9.51,9.59,9.72,9.9,10.2,10.65,11.29,12.32,14.09,17.67,23.18,29.8,36.16,41.25,44.94,48.19,51.12,53.39,55.43,57.36,58.89,60.45,61.94,63.56,65.19,66.45,67.7,69,70.28,71.4,72.43,73.51,74.42,75.24,76.05,76.84,5%
T5S03,65.39,21.65,47.41,9.36,9.37,9.15,9.29,9.4,9.42,9.44,9.48,9.56,9.68,9.85,10.17,10.62,11.28,12.31,14.09,17.68,23.18,29.76,36.08,41.14,44.82,48.03,50.94,53.24,55.26,57.19,58.74,60.31,61.77,63.38,65.04,66.31,67.55,68.82,70.11,71.25,72.27,73.34,74.29,75.08,75.91,76.7,5%
T5S04,65.55,21.76,47.76,9.3,9.28,9.12,9.3,9.36,9.38,9.4,9.45,9.53,9.66,9.85,10.16,10.59,11.25,12.3,14.06,17.7,23.27,29.94,36.34,41.44,45.14,48.42,51.34,53.63,55.67,57.57,59.14,60.69,62.15,63.74,65.36,66.61,67.85,69.11,70.41,71.48,72.51,73.58,74.47,75.24,76.04,76.81,5%
T5S05,65.83,21.64,47.98,9.38,9.37,9.18,9.34,9.43,9.45,9.48,9.52,9.6,9.73,9.93,10.23,10.71,11.4,12.45,14.25,17.96,23.59,30.32,36.78,41.91,45.62,48.87,51.83,54.04,56.07,58,59.54,61.07,62.55,64.1,65.71,66.96,68.19,69.43,70.7,71.81,72.83,73.83,74.71,75.54,76.36,77.12,5%
T5S06,65.59,21.69,47.79,9.32,9.31,9.15,9.32,9.39,9.39,9.41,9.45,9.54,9.66,9.84,10.16,10.62,11.3,12.37,14.15,17.78,23.33,29.99,36.38,41.5,45.19,48.43,51.39,53.64,55.7,57.62,59.16,60.71,62.22,63.77,65.38,66.64,67.89,69.14,70.41,71.53,72.57,73.64,74.54,75.32,76.13,76.92,5%
T5S07,65.6,21.78,47.79,9.38,9.36,9.03,9.36,9.39,9.41,9.43,9.47,9.55,9.67,9.86,10.17,10.62,11.29,12.32,14.09,17.72,23.29,29.97,36.4,41.55,45.24,48.51,51.46,53.74,55.75,57.72,59.24,60.83,62.3,63.85,65.48,66.75,67.99,69.25,70.53,71.63,72.66,73.68,74.57,75.45,76.22,76.98,5%
T5S08,65.55,21.81,47.79,9.34,9.32,9.18,9.26,9.34,9.35,9.39,9.43,9.52,9.65,9.83,10.14,10.6,11.24,12.25,14.03,17.65,23.23,29.9,36.32,41.44,45.17,48.43,51.37,53.66,55.71,57.62,59.15,60.74,62.14,63.79,65.4,66.64,67.86,69.14,70.42,71.5,72.54,73.61,74.53,75.28,76.08,76.86,5%
T5S09,65.56,21.75,47.88,9.32,9.31,9.1,9.22,9.32,9.33,9.36,9.4,9.48,9.61,9.8,10.13,10.59,11.26,12.29,14.08,17.71,23.26,29.92,36.34,41.47,45.16,48.44,51.36,53.62,55.69,57.63,59.11,60.69,62.13,63.75,65.35,66.6,67.83,69.13,70.36,71.46,72.51,73.55,74.46,75.22,76.07,76.82,5%
T5S10,65.54,21.78,47.75,9.31,9.3,9.1,9.29,9.36,9.38,9.41,9.45,9.52,9.65,9.83,10.16,10.61,11.27,12.31,14.08,17.69,23.24,29.89,36.29,41.42,45.11,48.4,51.35,53.61,55.67,57.61,59.16,60.72,62.23,63.8,65.42,66.69,67.93,69.2,70.49,71.59,72.62,73.69,74.59,75.35,76.14,76.96,5%
T5S11,65.46,21.71,47.69,9.28,9.26,9.07,9.26,9.34,9.35,9.38,9.42,9.5,9.62,9.8,10.12,10.6,11.26,12.29,14.07,17.68,23.19,29.81,36.18,41.29,44.97,48.22,51.17,53.41,55.47,57.37,58.94,60.51,61.96,63.56,65.19,66.45,67.7,68.97,70.26,71.39,72.42,73.49,74.4,75.17,76.01,76.76,5%
T5S12,65.54,21.9,47.89,9.24,9.22,9.09,9.28,9.32,9.31,9.35,9.4,9.48,9.61,9.8,10.12,10.56,11.22,12.22,13.97,17.61,23.17,29.85,36.29,41.43,45.16,48.44,51.41,53.71,55.76,57.68,59.24,60.85,62.3,63.84,65.46,66.71,67.95,69.19,70.48,71.59,72.61,73.62,74.48,75.3,76.1,76.88,5%
T5S13,65.66,21.62,47.89,9.36,9.35,9.14,9.31,9.36,9.37,9.4,9.44,9.52,9.66,9.86,10.19,10.67,11.35,12.41,14.21,17.85,23.43,30.09,36.5,41.63,45.3,48.55,51.48,53.75,55.75,57.68,59.22,60.79,62.19,63.82,65.43,66.7,67.95,69.19,70.45,71.56,72.6,73.62,74.53,75.31,76.14,76.94,5%
T5S14,65.51,21.8,47.82,9.29,9.31,9.12,9.26,9.32,9.33,9.35,9.4,9.48,9.61,9.79,10.12,10.58,11.26,12.3,14.05,17.66,23.19,29.83,36.23,41.35,45.08,48.34,51.3,53.6,55.63,57.6,59.11,60.69,62.16,63.78,65.39,66.66,67.91,69.19,70.47,71.57,72.61,73.67,74.54,75.36,76.21,76.95,5%
T5S15,65.6,21.62,47.83,9.31,9.32,9.16,9.29,9.36,9.36,9.38,9.42,9.51,9.64,9.84,10.18,10.66,11.36,12.42,14.23,17.85,23.38,30,36.38,41.48,45.17,48.43,51.35,53.64,55.67,57.63,59.14,60.73,62.2,63.77,65.39,66.65,67.91,69.15,70.43,71.58,72.59,73.66,74.55,75.34,76.15,76.95,5%
T5S16,65.54,21.85,47.84,9.27,9.24,9.09,9.26,9.31,9.33,9.36,9.4,9.48,9.62,9.81,10.14,10.59,11.24,12.28,14.01,17.63,23.18,29.84,36.28,41.42,45.15,48.42,51.38,53.67,55.75,57.63,59.23,60.74,62.22,63.8,65.42,66.66,67.88,69.14,70.42,71.53,72.55,73.61,74.52,75.31,76.1,76.85,5%
T5S17,65.59,21.68,47.97,9.31,9.27,9.09,9.19,9.29,9.31,9.33,9.37,9.46,9.6,9.8,10.14,10.61,11.29,12.34,14.11,17.76,23.33,30,36.41,41.53,45.22,48.48,51.42,53.69,55.68,57.62,59.17,60.72,62.19,63.77,65.38,66.63,67.88,69.14,70.39,71.48,72.54,73.55,74.42,75.21,76.03,76.79,5%
T5S18,65.4,21.82,47.73,9.24,9.23,9.06,9.21,9.29,9.31,9.34,9.38,9.46,9.59,9.77,10.09,10.54,11.19,12.21,13.96,17.54,23.07,29.72,36.1,41.22,44.91,48.18,51.12,53.4,55.46,57.36,58.91,60.49,61.96,63.54,65.17,66.45,67.67,68.97,70.24,71.35,72.37,73.47,74.39,75.17,75.96,76.64,5%
T5S19,65.44,21.67,47.83,9.25,9.23,9.12,9.19,9.27,9.28,9.31,9.34,9.42,9.55,9.75,10.08,10.56,11.25,12.3,14.07,17.67,23.18,29.79,36.16,41.26,44.94,48.18,51.1,53.38,55.41,57.32,58.87,60.45,61.94,63.53,65.16,66.43,67.67,68.94,70.23,71.34,72.37,73.4,74.31,75.1,75.94,76.73,5%
T5S20,65.6,21.68,47.97,9.23,9.19,9.16,9.22,9.29,9.29,9.31,9.36,9.45,9.6,9.81,10.17,10.63,11.3,12.35,14.15,17.78,23.34,30,36.41,41.52,45.21,48.47,51.4,53.68,55.73,57.68,59.18,60.77,62.18,63.79,65.39,66.66,67.92,69.2,70.41,71.54,72.55,73.6,74.52,75.34,76.14,76.88,5%
T5S21,65.63,21.64,47.96,9.3,9.29,9.13,9.23,9.31,9.31,9.34,9.38,9.48,9.62,9.82,10.17,10.66,11.36,12.41,14.22,17.84,23.39,30.06,36.45,41.56,45.26,48.49,51.44,53.73,55.79,57.7,59.23,60.79,62.24,63.89,65.5,66.75,68.01,69.27,70.53,71.63,72.65,73.69,74.6,75.38,76.16,76.89,5%
T5S22,65.36,21.75,47.81,9.27,9.24,8.97,9.21,9.25,9.25,9.27,9.31,9.39,9.51,9.72,10.04,10.52,11.2,12.24,14,17.58,23.07,29.66,36.02,41.1,44.81,48.07,51.01,53.27,55.32,57.26,58.8,60.37,61.84,63.46,65.1,66.37,67.62,68.89,70.17,71.27,72.33,73.39,74.31,75.1,75.93,76.73,5%
T5S23,65.48,21.79,47.86,9.28,9.26,9.01,9.24,9.3,9.3,9.32,9.36,9.45,9.57,9.76,10.1,10.57,11.25,12.26,14.04,17.63,23.15,29.8,36.2,41.32,45.03,48.29,51.25,53.53,55.62,57.52,59.05,60.66,62.01,63.7,65.32,66.58,67.82,69.12,70.35,71.46,72.52,73.53,74.43,75.21,76.06,76.89,5%
T5S24,65.4,21.68,47.81,9.27,9.22,9.07,9.23,9.27,9.26,9.28,9.32,9.4,9.53,9.73,10.08,10.57,11.26,12.31,14.08,17.66,23.14,29.73,36.08,41.16,44.85,48.1,51.03,53.33,55.37,57.3,58.84,60.45,61.88,63.48,65.11,66.39,67.64,68.91,70.2,71.31,72.35,73.4,74.29,75.11,75.92,76.76,5%
T5S25,65.62,21.54,47.92,9.34,9.32,9.11,9.25,9.32,9.31,9.34,9.38,9.47,9.61,9.84,10.18,10.68,11.39,12.47,14.27,17.89,23.44,30.07,36.44,41.52,45.21,48.45,51.38,53.65,55.7,57.54,59.11,60.65,62.13,63.72,65.32,66.57,67.79,69.07,70.36,71.46,72.49,73.57,74.45,75.24,76.04,76.85,5%
T5S26,65.64,21.63,48.11,9.27,9.22,9.03,9.21,9.26,9.27,9.28,9.33,9.42,9.55,9.78,10.14,10.63,11.34,12.39,14.19,17.83,23.39,30.06,36.47,41.57,45.27,48.52,51.47,53.74,55.75,57.7,59.22,60.81,62.24,63.86,65.48,66.72,67.96,69.23,70.49,71.59,72.59,73.65,74.53,75.33,76.11,76.86,5%
T5S27,65.64,21.53,47.92,9.34,9.33,9.1,9.26,9.32,9.32,9.35,9.39,9.48,9.62,9.85,10.19,10.69,11.4,12.48,14.28,17.91,23.45,30.09,36.47,41.56,45.23,48.48,51.39,53.66,55.68,57.65,59.11,60.71,62.1,63.75,65.35,66.59,67.81,69.11,70.36,71.49,72.51,73.59,74.5,75.27,76.06,76.78,5%
T5S28,65.41,21.73,47.83,9.25,9.22,9.13,9.16,9.26,9.27,9.29,9.33,9.42,9.55,9.73,10.07,10.54,11.21,12.24,14,17.61,23.12,29.74,36.12,41.22,44.92,48.16,51.11,53.38,55.39,57.32,58.87,60.42,61.89,63.49,65.12,66.39,67.64,68.88,70.19,71.31,72.36,73.4,74.3,75.09,75.96,76.69,5%
T5S29,65.53,21.82,47.94,9.3,9.28,9.05,9.23,9.3,9.3,9.32,9.36,9.45,9.58,9.78,10.1,10.58,11.24,12.26,14.03,17.64,23.19,29.86,36.28,41.43,45.15,48.41,51.37,53.65,55.69,57.66,59.13,60.76,62.19,63.79,65.41,66.68,67.92,69.17,70.47,71.53,72.59,73.62,74.51,75.28,76.1,76.93,5%
T5S30,65.45,21.72,47.88,9.27,9.22,9.02,9.21,9.27,9.27,9.29,9.33,9.42,9.55,9.74,10.07,10.55,11.23,12.26,14.04,17.63,23.17,29.8,36.18,41.27,44.98,48.22,51.13,53.45,55.47,57.37,58.94,60.52,61.96,63.59,65.21,66.47,67.72,68.96,70.27,71.39,72.43,73.47,74.36,75.2,76.04,76.76,5%
T5S31,65.54,21.81,47.93,9.25,9.21,9.02,9.26,9.31,9.31,9.33,9.37,9.46,9.59,9.78,10.12,10.58,11.24,12.28,14.05,17.65,23.21,29.87,36.29,41.44,45.16,48.43,51.38,53.7,55.7,57.63,59.17,60.77,62.24,63.83,65.45,66.7,67.93,69.19,70.43,71.56,72.58,73.63,74.55,75.33,76.13,76.88,5%
T5S32,65.55,21.61,47.94,9.29,9.26,9.01,9.26,9.27,9.27,9.29,9.34,9.43,9.57,9.79,10.15,10.64,11.34,12.38,14.17,17.78,23.31,29.95,36.33,41.45,45.12,48.36,51.29,53.58,55.59,57.54,59.05,60.6,62.08,63.66,65.27,66.51,67.74,68.99,70.25,71.36,72.37,73.44,74.34,75.16,75.98,76.68,5%
T5S33,65.74,21.51,48.14,9.3,9.28,9.16,9.24,9.31,9.31,9.33,9.37,9.47,9.61,9.83,10.18,10.7,11.4,12.47,14.28,17.96,23.55,30.25,36.65,41.75,45.43,48.65,51.58,53.82,55.88,57.75,59.28,60.86,62.3,63.9,65.52,66.77,68,69.27,70.52,71.67,72.68,73.69,74.57,75.38,76.18,76.95,5%
T5S34,65.73,21.51,48.12,9.26,9.25,9.06,9.21,9.26,9.26,9.29,9.34,9.43,9.57,9.79,10.15,10.64,11.32,12.38,14.16,17.76,23.29,29.89,36.24,41.33,44.99,48.23,51.16,53.44,55.44,57.38,58.91,60.48,61.97,63.49,65.12,66.39,67.65,68.88,70.16,71.28,72.3,73.34,74.22,75.01,75.81,76.56,5%
T5S35,65.49,21.58,47.84,9.32,9.29,9.05,9.23,9.3,9.31,9.33,9.38,9.47,9.6,9.8,10.15,10.66,11.38,12.46,14.27,17.89,23.43,30.07,36.44,41.55,45.23,48.46,51.37,53.63,55.68,57.6,59.15,60.68,62.15,63.78,65.4,66.66,67.92,69.19,70.44,71.57,72.6,73.64,74.53,75.35,76.19,76.98,5%
T5S36,65.62,21.54,47.97,9.29,9.25,9.07,9.27,9.31,9.31,9.34,9.38,9.46,9.59,9.8,10.17,10.67,11.37,12.46,14.27,17.89,23.43,30.08,36.45,41.53,45.22,48.46,51.38,53.64,55.68,57.58,59.12,60.7,62.2,63.76,65.39,66.66,67.92,69.21,70.51,71.6,72.62,73.67,74.54,75.33,76.19,77,5%
T5S37,65.62,21.54,47.97,9.29,9.27,8.94,9.22,9.26,9.25,9.29,9.33,9.42,9.55,9.75,10.07,10.54,11.2,12.23,13.99,17.6,23.14,29.81,36.2,41.34,45.03,48.31,51.29,53.56,55.56,57.57,59.07,60.65,62.15,63.72,65.36,66.63,67.87,69.13,70.43,71.53,72.54,73.58,74.49,75.33,76.15,76.84,5%
T5S38,65.48,21.82,47.94,9.29,9.24,9.07,9.27,9.31,9.31,9.33,9.38,9.46,9.59,9.8,10.16,10.65,11.38,12.47,14.27,17.89,23.44,30.07,36.45,41.55,45.23,48.45,51.39,53.66,55.67,57.62,59.14,60.68,62.19,63.78,65.41,66.66,67.91,69.16,70.44,71.6,72.64,73.65,74.55,75.37,76.14,76.92,5%
T5S39,65.63,21.54,47.98,9.25,9.2,9.11,9.19,9.27,9.27,9.29,9.33,9.42,9.55,9.75,10.08,10.54,11.21,12.25,14.01,17.62,23.16,29.81,36.22,41.33,45.03,48.31,51.22,53.56,55.59,57.53,59.07,60.65,62.12,63.72,65.35,66.61,67.85,69.1,70.39,71.52,72.54,73.58,74.44,75.3,76.1,76.87,5%
T5S40,65.48,21.8,47.94,9.27,9.21,9.02,9.19,9.22,9.22,9.24,9.28,9.37,9.52,9.74,10.1,10.6,11.3,12.37,14.14,17.77,23.31,29.95,36.33,41.45,45.12,48.37,51.31,53.59,55.59,57.55,59.07,60.62,62.11,63.69,65.33,66.58,67.83,69.08,70.37,71.46,72.51,73.54,74.41,75.19,76.04,76.88,5%
T5S41,65.55,21.62,48.09,9.29,9.24,9,9.14,9.21,9.22,9.24,9.29,9.38,9.53,9.74,10.11,10.61,11.31,12.37,14.15,17.77,23.31,29.95,36.33,41.43,45.11,48.37,51.29,53.58,55.59,57.5,59.05,60.59,62.11,63.69,65.29,66.54,67.78,69.07,70.31,71.39,72.44,73.48,74.37,75.19,76.02,76.72,5%
T5S42,65.55,21.61,48.06,9.31,9.25,8.92,9.18,9.24,9.24,9.26,9.31,9.4,9.56,9.78,10.14,10.66,11.37,12.45,14.24,17.9,23.49,30.17,36.59,41.71,45.39,48.64,51.57,53.85,55.84,57.79,59.29,60.86,62.31,63.9,65.51,66.76,67.97,69.22,70.51,71.58,72.62,73.65,74.51,75.31,76.16,76.95,5%
T5S43,65.71,21.56,48.23,9.32,9.28,9.08,9.21,9.27,9.26,9.29,9.34,9.43,9.58,9.79,10.16,10.69,11.39,12.49,14.29,17.96,23.55,30.24,36.66,41.77,45.45,48.68,51.61,53.88,55.82,57.85,59.33,60.9,62.45,63.95,65.58,66.84,68.07,69.31,70.58,71.71,72.72,73.75,74.63,75.45,76.27,77.04,5%
T5S44,65.74,21.52,48.23,9.26,9.23,9.06,9.16,9.24,9.24,9.27,9.32,9.42,9.57,9.79,10.16,10.68,11.39,12.44,14.27,17.93,23.52,30.2,36.6,41.7,45.35,48.61,51.51,53.78,55.79,57.7,59.23,60.79,62.23,63.83,65.45,66.7,67.93,69.19,70.45,71.55,72.58,73.61,74.48,75.28,76.09,76.86,5%
T5S45,65.7,21.5,48.18,9.3,9.25,9.13,9.23,9.28,9.28,9.3,9.34,9.44,9.58,9.81,10.19,10.71,11.44,12.54,14.36,18.04,23.65,30.36,36.77,41.89,45.59,48.83,51.77,54.02,56.05,57.97,59.5,61,62.52,64.09,65.71,66.95,68.16,69.4,70.67,71.76,72.8,73.84,74.75,75.51,76.32,77.1,5%
T5S46,65.83,21.5,48.33,9.32,9.28,9.04,9.25,9.28,9.27,9.29,9.35,9.44,9.59,9.82,10.21,10.73,11.46,12.55,14.38,18.06,23.67,30.36,36.77,41.85,45.54,48.78,51.69,53.99,56,57.93,59.44,61,62.45,64.07,65.69,66.94,68.19,69.41,70.71,71.78,72.81,73.88,74.79,75.53,76.3,77.04,5%
T5S47,65.82,21.46,48.28,9.22,9.17,9.01,9.19,9.19,9.18,9.2,9.25,9.34,9.49,9.74,10.11,10.62,11.34,12.4,14.19,17.83,23.41,30.07,36.46,41.56,45.23,48.46,51.38,53.66,55.69,57.6,59.15,60.7,62.17,63.79,65.42,66.68,67.92,69.19,70.46,71.59,72.58,73.63,74.52,75.35,76.17,76.97,5%
T5S48,65.61,21.55,48.24,9.3,9.23,9.04,9.24,9.27,9.27,9.29,9.35,9.44,9.59,9.82,10.2,10.73,11.46,12.54,14.36,18.04,23.63,30.3,36.69,41.79,45.47,48.7,51.62,53.89,55.93,57.84,59.34,60.93,62.47,64,65.63,66.9,68.11,69.39,70.65,71.77,72.79,73.83,74.72,75.54,76.32,77.08,5%
T5S49,65.78,21.46,48.21,9.21,9.15,9.02,9.15,9.18,9.18,9.2,9.25,9.35,9.5,9.74,10.12,10.62,11.34,12.4,14.21,17.86,23.42,30.09,36.47,41.59,45.25,48.51,51.43,53.7,55.71,57.67,59.2,60.76,62.24,63.81,65.44,66.72,67.98,69.22,70.52,71.63,72.69,73.73,74.63,75.38,76.19,76.96,5%
T5S50,65.63,21.56,48.25,9.24,9.2,9.06,9.21,9.26,9.28,9.29,9.33,9.42,9.55,9.79,10.15,10.64,11.33,12.38,14.15,17.77,23.28,29.9,36.26,41.35,45.01,48.25,51.19,53.48,55.46,57.43,58.94,60.49,61.99,63.54,65.15,66.4,67.64,68.9,70.18,71.31,72.34,73.36,74.26,75.09,75.85,76.56,5%
T7S01,65.48,21.21,47.89,9.31,9.24,9.05,9.21,9.29,9.28,9.3,9.34,9.43,9.53,9.72,10.06,10.62,11.4,12.51,14.36,17.99,23.49,30.03,36.31,41.31,44.94,48.11,50.94,53.2,55.19,57.05,58.55,60.08,61.53,63.07,64.67,65.89,67.11,68.36,69.61,70.69,71.72,72.73,73.6,74.38,75.17,75.85,7%
T7S02,65.52,20.98,47.89,9.34,9.32,9.07,9.22,9.29,9.27,9.28,9.32,9.41,9.53,9.73,10.12,10.69,11.52,12.69,14.58,18.18,23.64,30.14,36.37,41.34,44.93,48.07,50.89,53.12,55.14,56.99,58.47,59.99,61.37,63.02,64.61,65.83,67.05,68.3,69.56,70.66,71.73,72.75,73.62,74.44,75.17,75.9,7%
T7S03,65.62,20.99,48.07,9.35,9.29,9.05,9.25,9.28,9.26,9.28,9.32,9.4,9.53,9.73,10.12,10.7,11.52,12.68,14.58,18.22,23.74,30.29,36.55,41.53,45.13,48.26,51.11,53.32,55.32,57.18,58.65,60.17,61.6,63.22,64.81,66.04,67.28,68.48,69.76,70.85,71.89,72.91,73.79,74.57,75.36,76.12,7%
T7S04,65.98,20.68,48.39,9.46,9.41,9.16,9.34,9.34,9.31,9.32,9.37,9.45,9.59,9.83,10.27,10.89,11.74,12.93,14.9,18.63,24.25,30.88,37.16,42.15,45.71,48.81,51.61,53.78,55.76,57.58,59.03,60.53,61.93,63.48,65.04,66.23,67.46,68.64,69.92,70.92,71.97,72.99,73.86,74.65,75.37,76.1,7%
T7S05,65.82,20.93,48.19,9.37,9.33,9.15,9.29,9.32,9.3,9.32,9.37,9.46,9.58,9.8,10.21,10.8,11.65,12.81,14.73,18.39,23.95,30.55,36.84,41.84,45.44,48.59,51.42,53.64,55.67,57.52,58.98,60.47,61.91,63.48,65.04,66.25,67.48,68.69,69.94,71,72.04,73.05,73.93,74.7,75.42,76.16,7%
T7S06,65.95,20.73,48.37,9.42,9.34,9.1,9.28,9.33,9.3,9.31,9.36,9.45,9.58,9.82,10.24,10.86,11.72,12.93,14.86,18.57,24.19,30.81,37.1,42.09,45.66,48.77,51.57,53.76,55.73,57.59,59.04,60.53,61.97,63.51,65.06,66.26,67.49,68.71,69.94,71,72.02,73.04,73.92,74.69,75.38,76.06,7%
T7S07,65.73,20.96,48.18,9.3,9.25,9.15,9.23,9.27,9.24,9.27,9.31,9.41,9.54,9.77,10.17,10.77,11.61,12.8,14.68,18.32,23.84,30.4,36.68,41.7,45.3,48.45,51.29,53.51,55.52,57.39,58.87,60.36,61.81,63.41,64.99,66.21,67.44,68.65,69.92,70.99,72.03,73.05,73.94,74.7,75.44,76.21,7%
T7S08,65.76,20.8,48.28,9.32,9.26,9.06,9.2,9.26,9.22,9.24,9.29,9.38,9.51,9.75,10.17,10.79,11.66,12.86,14.79,18.44,23.97,30.5,36.76,41.74,45.34,48.45,51.27,53.5,55.45,57.32,58.8,60.3,61.72,63.31,64.89,66.11,67.36,68.56,69.81,70.86,71.9,72.93,73.82,74.59,75.35,76.03,7%
T7S09,65.8,20.88,48.24,9.33,9.28,9.08,9.25,9.29,9.26,9.28,9.32,9.42,9.57,9.78,10.2,10.8,11.66,12.84,14.75,18.4,23.94,30.54,36.82,41.81,45.42,48.58,51.37,53.6,55.57,57.43,58.91,60.42,61.85,63.41,64.98,66.21,67.46,68.66,69.9,70.99,72.01,73.01,73.9,74.68,75.38,76.11,7%
T7S10,65.79,20.86,48.38,9.34,9.27,9.03,9.15,9.21,9.19,9.19,9.24,9.34,9.49,9.74,10.17,10.79,11.65,12.84,14.75,18.41,23.94,30.52,36.79,41.78,45.39,48.52,51.34,53.57,55.58,57.43,58.88,60.41,61.85,63.42,65,66.23,67.48,68.72,69.94,71.01,72.04,73.06,73.93,74.73,75.5,76.24,7%
T7S11,65.79,20.99,48.37,9.33,9.3,9.1,9.18,9.22,9.2,9.22,9.27,9.36,9.5,9.75,10.17,10.77,11.62,12.8,14.71,18.34,23.87,30.45,36.76,41.79,45.42,48.59,51.45,53.66,55.65,57.56,59.02,60.55,61.97,63.54,65.12,66.36,67.61,68.8,70.07,71.13,72.14,73.13,74.01,74.82,75.53,76.28,7%
T7S12,65.78,20.85,48.36,9.36,9.32,9.07,9.21,9.24,9.19,9.2,9.25,9.35,9.49,9.74,10.19,10.8,11.67,12.86,14.75,18.41,23.94,30.51,36.78,41.78,45.38,48.5,51.33,53.56,55.55,57.4,58.89,60.43,61.78,63.43,65,66.21,67.44,68.67,69.92,71,72.05,73.04,73.93,74.74,75.51,76.21,7%
T7S13,65.71,20.85,48.31,9.36,9.3,9.01,9.13,9.2,9.17,9.18,9.23,9.33,9.47,9.7,10.16,10.78,11.65,12.85,14.75,18.37,23.86,30.39,36.66,41.65,45.26,48.39,51.22,53.43,55.41,57.31,58.77,60.27,61.71,63.31,64.9,66.13,67.38,68.57,69.87,70.92,71.98,73.02,73.89,74.66,75.45,76.17,7%
T7S14,65.69,21.15,48.3,9.27,9.22,9,9.11,9.2,9.18,9.2,9.25,9.35,9.49,9.73,10.13,10.69,11.49,12.64,14.51,18.15,23.69,30.29,36.61,41.65,45.3,48.49,51.33,53.58,55.56,57.43,58.94,60.46,61.93,63.46,65.02,66.25,67.49,68.76,69.99,71.03,72.1,73.11,73.99,74.81,75.59,76.28,7%
T7S15,65.76,20.88,48.4,9.28,9.2,9.06,9.16,9.19,9.17,9.18,9.23,9.32,9.47,9.72,10.16,10.77,11.65,12.87,14.77,18.4,23.9,30.45,36.72,41.72,45.34,48.5,51.33,53.56,55.58,57.41,58.91,60.42,61.84,63.43,65.03,66.25,67.47,68.69,69.96,71.04,72.11,73.11,74.02,74.8,75.57,76.32,7%
T7S16,65.62,21.09,48.28,9.25,9.2,8.91,9.17,9.18,9.15,9.16,9.21,9.31,9.45,9.69,10.09,10.68,11.51,12.67,14.54,18.16,23.67,30.21,36.51,41.51,45.16,48.33,51.17,53.41,55.43,57.31,58.77,60.33,61.75,63.34,64.94,66.16,67.39,68.63,69.92,70.96,72.02,73.01,73.92,74.71,75.46,76.16,7%
T7S17,65.7,20.93,48.39,9.31,9.28,9.06,9.11,9.17,9.13,9.14,9.19,9.3,9.44,9.69,10.13,10.74,11.58,12.76,14.67,18.31,23.82,30.36,36.63,41.63,45.24,48.4,51.23,53.45,55.46,57.33,58.83,60.36,61.74,63.4,64.99,66.22,67.47,68.72,69.96,71.06,72.11,73.12,74.01,74.8,75.59,76.41,7%
T7S18,65.67,21.04,48.29,9.26,9.21,8.96,9.16,9.18,9.16,9.18,9.24,9.34,9.48,9.72,10.12,10.71,11.54,12.7,14.59,18.22,23.74,30.29,36.58,41.63,45.25,48.39,51.24,53.47,55.48,57.35,58.83,60.38,61.79,63.37,64.95,66.18,67.41,68.65,69.92,70.99,72.05,73.08,73.95,74.74,75.51,76.28,7%
T7S19,65.56,21.09,48.28,9.23,9.18,8.97,9.08,9.13,9.1,9.12,9.17,9.27,9.41,9.65,10.08,10.68,11.5,12.67,14.55,18.13,23.58,30.11,36.38,41.4,45.02,48.19,51.07,53.29,55.34,57.17,58.73,60.27,61.76,63.31,64.95,66.19,67.42,68.68,69.98,70.99,72.07,73.13,74.03,74.83,75.58,76.27,7%
T7S20,65.61,21.15,48.43,9.19,9.11,8.92,9.07,9.11,9.08,9.09,9.15,9.25,9.4,9.63,10.05,10.64,11.46,12.62,14.5,18.1,23.6,30.18,36.47,41.51,45.16,48.34,51.2,53.46,55.47,57.33,58.87,60.38,61.83,63.4,64.98,66.21,67.46,68.72,69.98,71.04,72.11,73.12,74.02,74.77,75.53,76.34,7%
T7S21,65.58,21.07,48.29,9.24,9.2,8.92,9.08,9.13,9.11,9.13,9.18,9.27,9.42,9.65,10.08,10.67,11.51,12.68,14.56,18.15,23.61,30.14,36.42,41.44,45.06,48.22,51.09,53.34,55.32,57.2,58.74,60.28,61.73,63.33,64.93,66.17,67.41,68.66,69.94,71.01,72.05,73.08,73.96,74.81,75.56,76.33,7%
T7S22,65.64,21.25,48.49,9.17,9.09,9.02,9.01,9.09,9.08,9.1,9.15,9.25,9.4,9.63,10.04,10.63,11.45,12.59,14.45,18.06,23.57,30.16,36.48,41.56,45.23,48.43,51.29,53.54,55.58,57.48,58.95,60.52,61.97,63.57,65.17,66.4,67.64,68.89,70.17,71.25,72.31,73.33,74.18,74.97,75.77,76.53,7%
T7S23,65.7,21.03,48.56,9.22,9.17,8.96,9.07,9.1,9.06,9.08,9.14,9.24,9.4,9.65,10.06,10.68,11.52,12.69,14.6,18.23,23.75,30.32,36.64,41.66,45.31,48.48,51.32,53.53,55.53,57.43,58.91,60.43,61.89,63.46,65.05,66.29,67.52,68.74,70.03,71.08,72.16,73.17,74.08,74.86,75.58,76.37,7%
T7S24,65.63,21.24,48.45,9.19,9.13,8.92,9.07,9.1,9.08,9.11,9.16,9.26,9.4,9.65,10.05,10.63,11.45,12.58,14.46,18.07,23.56,30.15,36.48,41.55,45.2,48.4,51.29,53.55,55.55,57.42,58.96,60.51,61.99,63.55,65.16,66.39,67.62,68.86,70.13,71.22,72.28,73.31,74.21,74.98,75.72,76.49,7%
T7S25,65.6,21.19,48.48,9.18,9.12,8.95,9.04,9.09,9.05,9.08,9.13,9.23,9.38,9.61,10.03,10.61,11.41,12.56,14.44,18.04,23.56,30.14,36.48,41.52,45.17,48.34,51.22,53.47,55.45,57.34,58.82,60.34,61.79,63.4,65,66.24,67.48,68.71,69.99,71.05,72.12,73.17,74.09,74.89,75.67,76.36,7%
T7S26,65.65,21.1,48.54,9.22,9.17,8.88,9.06,9.09,9.06,9.07,9.12,9.23,9.38,9.62,10.05,10.64,11.48,12.65,14.54,18.15,23.66,30.24,36.54,41.57,45.22,48.39,51.26,53.49,55.5,57.39,58.88,60.38,61.81,63.42,65.01,66.26,67.51,68.74,70.01,71.06,72.08,73.1,73.97,74.79,75.54,76.17,7%
T7S27,65.61,21.28,48.58,9.16,9.11,8.94,8.99,9.05,9.02,9.04,9.09,9.19,9.34,9.6,10.02,10.61,11.42,12.56,14.43,18.02,23.52,30.1,36.44,41.51,45.19,48.39,51.28,53.55,55.59,57.48,58.95,60.58,61.96,63.59,65.19,66.42,67.68,68.91,70.16,71.25,72.28,73.3,74.19,74.97,75.69,76.48,7%
T7S28,65.65,21.19,48.53,9.19,9.15,8.95,9.04,9.09,9.06,9.09,9.14,9.24,9.39,9.62,10.04,10.63,11.46,12.64,14.5,18.11,23.6,30.18,36.52,41.57,45.23,48.44,51.3,53.55,55.59,57.47,58.97,60.47,61.92,63.54,65.14,66.38,67.61,68.86,70.13,71.22,72.26,73.26,74.15,74.93,75.69,76.4,7%
T7S29,65.99,20.92,48.7,9.25,9.19,9.05,9.14,9.18,9.15,9.18,9.24,9.35,9.51,9.76,10.2,10.81,11.66,12.86,14.8,18.5,24.1,30.75,37.09,42.15,45.77,48.93,51.78,54,55.98,57.83,59.33,60.87,62.3,63.85,65.45,66.68,67.93,69.14,70.41,71.46,72.5,73.5,74.37,75.21,75.95,76.68,7%
T7S30,65.51,21.31,48.56,9.15,9.09,8.82,8.95,9,8.99,9,9.06,9.16,9.3,9.54,9.95,10.55,11.36,12.5,14.36,17.94,23.4,29.95,36.27,41.37,45.02,48.21,51.12,53.38,55.38,57.32,58.83,60.37,61.82,63.42,65.02,66.28,67.54,68.78,70.09,71.11,72.19,73.24,74.15,74.93,75.71,76.47,7%
T7S31,65.55,21.05,48.46,9.12,9.06,8.96,8.99,9.05,9.02,9.04,9.1,9.2,9.35,9.59,10.02,10.62,11.49,12.68,14.56,18.14,23.59,30.11,36.39,41.4,45.01,48.19,51.04,53.29,55.33,57.2,58.69,60.24,61.68,63.29,64.9,66.15,67.38,68.67,69.97,71.02,72.05,73.13,74.03,74.84,75.61,76.4,7%
T7S32,65.81,21.07,48.69,9.2,9.15,8.99,9.06,9.1,9.08,9.1,9.16,9.27,9.41,9.66,10.09,10.7,11.56,12.77,14.68,18.31,23.83,30.44,36.78,41.83,45.48,48.67,51.52,53.78,55.82,57.67,59.18,60.75,62.2,63.78,65.39,66.64,67.9,69.13,70.39,71.49,72.55,73.59,74.48,75.26,76.05,76.78,7%
T7S33,65.8,21.17,48.71,9.13,9.05,8.91,9.04,9.07,9.05,9.08,9.14,9.25,9.4,9.65,10.08,10.67,11.52,12.69,14.6,18.24,23.77,30.38,36.73,41.81,45.48,48.7,51.55,53.82,55.82,57.7,59.25,60.79,62.23,63.8,65.4,66.65,67.89,69.17,70.45,71.5,72.54,73.56,74.46,75.26,76.01,76.78,7%
T7S34,65.73,21.18,48.74,9.11,9.02,8.96,8.98,9.05,9.03,9.04,9.1,9.21,9.36,9.61,10.03,10.62,11.44,12.62,14.5,18.13,23.68,30.3,36.67,41.75,45.41,48.58,51.44,53.69,55.71,57.61,59.09,60.6,62.05,63.64,65.25,66.47,67.71,68.96,70.25,71.32,72.38,73.39,74.26,75.09,75.87,76.58,7%
T7S35,66.1,20.96,48.99,9.25,9.2,8.95,9.11,9.14,9.12,9.14,9.2,9.31,9.47,9.72,10.16,10.78,11.65,12.87,14.8,18.52,24.18,30.88,37.27,42.37,46.01,49.18,52,54.24,56.23,58.09,59.55,61.1,62.49,64.06,65.65,66.87,68.1,69.33,70.55,71.58,72.61,73.64,74.51,75.33,76.1,76.87,7%
T7S36,66.14,20.93,48.87,9.24,9.17,8.99,9.16,9.19,9.16,9.2,9.26,9.37,9.52,9.77,10.23,10.86,11.73,12.97,14.91,18.62,24.24,30.92,37.3,42.38,46.02,49.18,52.05,54.28,56.28,58.16,59.65,61.19,62.59,64.19,65.78,67.01,68.26,69.46,70.73,71.8,72.84,73.86,74.75,75.5,76.25,77.03,7%
T7S37,65.55,21.39,48.62,9.13,9.07,8.75,8.99,9.01,8.98,9.01,9.06,9.16,9.3,9.55,9.97,10.55,11.35,12.5,14.34,17.92,23.39,29.97,36.32,41.41,45.12,48.35,51.23,53.53,55.55,57.44,58.98,60.56,61.97,63.6,65.2,66.45,67.7,68.95,70.26,71.35,72.39,73.4,74.26,75.09,75.83,76.6,7%
T7S38,65.66,21.31,48.84,9.08,9.02,8.85,8.96,8.99,8.96,8.98,9.04,9.15,9.29,9.54,9.95,10.54,11.35,12.49,14.36,17.99,23.54,30.18,36.56,41.64,45.33,48.56,51.41,53.66,55.69,57.57,59.08,60.63,62.06,63.65,65.26,66.49,67.74,68.94,70.22,71.33,72.41,73.41,74.28,75.12,75.89,76.62,7%
T7S39,66.08,21.09,48.96,9.28,9.26,8.87,9.07,9.13,9.11,9.14,9.21,9.32,9.47,9.74,10.16,10.76,11.62,12.8,14.74,18.45,24.1,30.81,37.22,42.32,45.98,49.18,52.05,54.29,56.33,58.14,59.65,61.21,62.62,64.18,65.76,66.99,68.22,69.45,70.74,71.78,72.78,73.81,74.68,75.52,76.26,77.03,7%
T7S40,66.12,21.02,48.88,9.24,9.18,9.06,9.08,9.16,9.15,9.19,9.25,9.36,9.51,9.79,10.22,10.83,11.69,12.9,14.84,18.55,24.18,30.87,37.26,42.33,46.01,49.2,52.07,54.33,56.33,58.21,59.68,61.23,62.64,64.22,65.82,67.05,68.27,69.47,70.75,71.83,72.84,73.85,74.72,75.51,76.22,76.97,7%
T7S41,65.61,21.41,48.7,9.07,8.98,8.84,8.94,9.01,8.99,9.01,9.07,9.18,9.32,9.56,9.97,10.53,11.32,12.45,14.29,17.9,23.43,30.08,36.48,41.57,45.25,48.49,51.39,53.65,55.63,57.57,59.06,60.59,62.03,63.63,65.23,66.48,67.71,68.93,70.24,71.32,72.36,73.38,74.28,75.06,75.82,76.52,7%
T7S42,65.75,21.16,48.84,9.14,9.1,8.87,8.95,9.01,8.99,9.01,9.07,9.18,9.33,9.59,10.01,10.61,11.47,12.65,14.55,18.17,23.72,30.33,36.7,41.76,45.41,48.61,51.47,53.71,55.77,57.63,59.15,60.69,62.13,63.75,65.34,66.57,67.83,69.09,70.37,71.44,72.49,73.53,74.41,75.22,75.98,76.8,7%
T7S43,66.05,20.99,49.04,9.17,9.08,8.97,9.01,9.1,9.06,9.09,9.16,9.26,9.42,9.68,10.13,10.74,11.61,12.82,14.76,18.49,24.12,30.82,37.2,42.28,45.91,49.09,51.94,54.17,56.18,58.06,59.55,61.09,62.46,64.1,65.69,66.92,68.16,69.38,70.67,71.73,72.78,73.82,74.67,75.47,76.22,76.94,7%
T7S44,65.94,21.26,48.86,9.15,9.09,8.92,9.07,9.1,9.09,9.12,9.18,9.29,9.44,9.69,10.11,10.69,11.49,12.63,14.51,18.2,23.85,30.58,37.01,42.11,45.8,49.01,51.87,54.12,56.17,57.99,59.49,61.03,62.43,64.03,65.62,66.83,68.04,69.28,70.55,71.64,72.69,73.66,74.53,75.31,76.06,76.75,7%
T7S45,65.64,21.36,48.84,9.07,8.98,8.78,8.95,8.98,8.96,8.97,9.02,9.13,9.28,9.53,9.95,10.53,11.35,12.5,14.38,17.99,23.5,30.11,36.49,41.61,45.28,48.51,51.4,53.66,55.69,57.61,59.11,60.7,62.14,63.74,65.37,66.63,67.88,69.12,70.41,71.5,72.57,73.59,74.45,75.31,76.08,76.83,7%
T7S46,65.72,21.42,48.97,9.07,8.98,8.8,8.93,8.98,8.96,8.98,9.03,9.13,9.29,9.54,9.94,10.51,11.32,12.46,14.32,17.97,23.54,30.21,36.63,41.74,45.45,48.7,51.58,53.83,55.87,57.76,59.3,60.85,62.21,63.87,65.47,66.72,67.95,69.2,70.5,71.54,72.6,73.62,74.49,75.32,76.09,76.83,7%
T7S47,66.03,21.16,49.07,9.16,9.08,8.86,9.03,9.08,9.06,9.08,9.15,9.26,9.42,9.67,10.07,10.69,11.53,12.72,14.64,18.36,24,30.72,37.13,42.25,45.93,49.14,51.99,54.23,56.29,58.12,59.62,61.12,62.57,64.15,65.74,66.96,68.17,69.42,70.67,71.71,72.74,73.78,74.64,75.44,76.18,76.93,7%
T7S48,66.01,21.14,48.98,9.17,9.12,8.93,9.01,9.09,9.07,9.1,9.17,9.28,9.43,9.68,10.11,10.72,11.56,12.75,14.68,18.37,23.99,30.68,37.09,42.19,45.86,49.06,51.93,54.18,56.24,58.06,59.58,61.1,62.51,64.13,65.72,66.95,68.19,69.44,70.69,71.74,72.81,73.83,74.69,75.5,76.26,77.02,7%
T7S49,65.84,21.02,48.87,9.14,9.07,8.9,8.95,9.04,9.02,9.04,9.1,9.2,9.36,9.61,10.06,10.68,11.55,12.77,14.69,18.34,23.89,30.49,36.83,41.91,45.52,48.7,51.59,53.81,55.81,57.69,59.18,60.74,62.19,63.76,65.36,66.6,67.85,69.08,70.37,71.43,72.47,73.49,74.37,75.19,75.94,76.7,7%
T7S50,65.82,21.21,48.94,9.16,9.12,8.86,8.94,9.02,8.99,9.01,9.07,9.19,9.34,9.58,10.01,10.63,11.47,12.64,14.55,18.19,23.76,30.42,36.78,41.87,45.54,48.75,51.63,53.89,55.92,57.81,59.29,60.88,62.29,63.9,65.49,66.73,67.96,69.22,70.51,71.53,72.62,73.64,74.53,75.29,76.05,76.82,7%
T9S01,66.18,20.85,48.63,9.39,9.36,9.03,9.25,9.27,9.23,9.25,9.31,9.43,9.61,9.91,10.39,11.01,11.89,13.11,15.05,18.71,24.3,30.96,37.33,42.39,46.04,49.23,52.07,54.28,56.3,58.16,59.65,61.18,62.63,64.19,65.79,67.01,68.25,69.48,70.74,71.8,72.87,73.87,74.74,75.54,76.25,77.01,9%
T9S02,66.65,20.47,48.84,9.42,9.32,9.31,9.33,9.4,9.37,9.4,9.47,9.59,9.78,10.09,10.61,11.29,12.24,13.53,15.54,19.32,25.01,31.72,38.11,43.14,46.76,49.91,52.73,54.93,56.92,58.72,60.22,61.72,63.17,64.71,66.28,67.49,68.69,69.96,71.2,72.21,73.25,74.24,75.1,75.9,76.64,77.4,9%
T9S03,66.44,20.55,48.75,9.42,9.38,9.18,9.28,9.33,9.29,9.32,9.39,9.52,9.69,10,10.49,11.18,12.12,13.38,15.35,19.1,24.73,31.41,37.77,42.8,46.41,49.56,52.38,54.57,56.57,58.43,59.87,61.39,62.82,64.37,65.94,67.15,68.35,69.57,70.85,71.9,72.91,73.91,74.77,75.58,76.32,77.04,9%
T9S04,66.11,21.03,48.91,9.29,9.24,9.01,9.1,9.15,9.12,9.13,9.19,9.31,9.47,9.77,10.27,10.88,11.73,12.92,14.81,18.51,24.12,30.81,37.21,42.35,46.01,49.2,52.06,54.32,56.28,58.21,59.63,61.2,62.65,64.19,65.77,67.01,68.25,69.47,70.7,71.78,72.83,73.84,74.7,75.53,76.26,76.98,9%
T9S05,66.29,20.93,48.92,9.35,9.3,9.09,9.2,9.23,9.21,9.22,9.29,9.41,9.57,9.87,10.35,10.99,11.85,13.07,14.99,18.71,24.37,31.09,37.51,42.63,46.29,49.46,52.36,54.58,56.59,58.44,59.92,61.47,62.88,64.46,66.05,67.28,68.52,69.72,70.97,72.04,73.07,74.08,74.93,75.69,76.43,77.22,9%
T9S06,66.48,20.77,49,9.32,9.25,9.2,9.22,9.28,9.25,9.27,9.34,9.47,9.65,9.94,10.45,11.11,11.99,13.22,15.2,18.95,24.65,31.38,37.82,42.93,46.59,49.77,52.59,54.83,56.8,58.67,60.15,61.66,63.08,64.67,66.22,67.42,68.64,69.85,71.09,72.13,73.18,74.18,75.05,75.84,76.54,77.28,9%
T9S07,66.45,20.86,48.97,9.34,9.26,9.07,9.21,9.28,9.25,9.28,9.35,9.47,9.64,9.94,10.42,11.06,11.95,13.16,15.12,18.88,24.57,31.33,37.78,42.88,46.54,49.72,52.56,54.81,56.82,58.68,60.17,61.69,63.09,64.7,66.28,67.5,68.69,69.93,71.21,72.24,73.26,74.27,75.12,75.93,76.62,77.34,9%
T9S08,65.72,21.06,48.61,9.17,9.1,8.93,9.06,9.06,9.02,9.03,9.09,9.2,9.36,9.65,10.12,10.76,11.62,12.81,14.68,18.27,23.72,30.27,36.58,41.64,45.29,48.49,51.36,53.63,55.65,57.53,59.01,60.62,62.04,63.65,65.25,66.51,67.77,68.99,70.29,71.32,72.39,73.44,74.34,75.14,75.85,76.59,9%
T9S09,65.91,21.19,48.87,9.14,9.04,9.04,9.02,9.08,9.04,9.06,9.12,9.23,9.4,9.69,10.14,10.75,11.59,12.77,14.63,18.27,23.83,30.5,36.9,42.01,45.7,48.92,51.8,54.05,56.1,57.95,59.47,61.02,62.46,64.08,65.67,66.91,68.13,69.4,70.66,71.7,72.78,73.76,74.62,75.46,76.22,76.94,9%
T9S10,66.29,20.78,48.89,9.33,9.27,9.02,9.18,9.22,9.18,9.2,9.27,9.39,9.57,9.87,10.37,11.03,11.94,13.17,15.12,18.82,24.44,31.12,37.51,42.59,46.22,49.41,52.25,54.47,56.47,58.32,59.84,61.33,62.75,64.38,65.96,67.19,68.42,69.65,70.91,71.93,73,74,74.86,75.67,76.42,77.18,9%
T9S11,66.31,20.87,48.96,9.34,9.27,9.06,9.11,9.2,9.17,9.2,9.27,9.39,9.57,9.87,10.37,11,11.88,13.11,15.06,18.78,24.42,31.13,37.55,42.65,46.3,49.49,52.35,54.58,56.58,58.44,59.93,61.43,62.85,64.45,66.03,67.25,68.48,69.65,70.94,71.94,73.02,74.04,74.9,75.67,76.39,77.14,9%
T9S12,66.21,21,49.01,9.28,9.22,9.01,9.11,9.16,9.12,9.14,9.21,9.33,9.5,9.81,10.28,10.92,11.8,12.98,14.92,18.6,24.24,30.96,37.39,42.48,46.18,49.36,52.24,54.5,56.49,58.36,59.87,61.43,62.76,64.41,65.99,67.2,68.4,69.67,70.89,71.96,73,73.98,74.84,75.65,76.34,77.06,9%
T9S13,66.26,20.96,48.93,9.3,9.25,9.12,9.16,9.22,9.18,9.19,9.25,9.37,9.54,9.86,10.35,10.99,11.85,13.06,14.99,18.68,24.3,31.02,37.44,42.56,46.23,49.44,52.3,54.55,56.53,58.46,59.91,61.45,62.85,64.45,66.05,67.27,68.49,69.69,70.97,72.03,73.06,74.07,74.93,75.73,76.48,77.22,9%
T9S14,66.74,20.5,48.97,9.49,9.45,9.21,9.32,9.4,9.36,9.38,9.46,9.59,9.77,10.11,10.62,11.3,12.25,13.54,15.55,19.33,25.06,31.82,38.24,43.3,46.93,50.08,52.92,55.11,57.1,58.93,60.39,61.9,63.25,64.86,66.4,67.62,68.85,70.03,71.29,72.31,73.36,74.35,75.21,76,76.68,77.38,9%
T9S15,66.51,20.68,48.97,9.4,9.35,9.1,9.23,9.29,9.26,9.29,9.37,9.49,9.68,9.98,10.47,11.14,12.02,13.26,15.25,19.02,24.74,31.5,37.91,42.99,46.61,49.78,52.59,54.82,56.82,58.62,60.11,61.6,63,64.6,66.16,67.36,68.58,69.78,71.04,72.09,73.11,74.1,74.97,75.73,76.43,77.17,9%
T9S16,65.99,21,48.9,9.21,9.15,9.03,9.04,9.09,9.05,9.06,9.12,9.24,9.42,9.71,10.19,10.85,11.71,12.93,14.83,18.48,24.02,30.65,37.01,42.12,45.76,48.96,51.84,54.1,56.12,58.01,59.49,61.03,62.47,64.09,65.69,66.91,68.15,69.38,70.68,71.73,72.78,73.8,74.68,75.45,76.21,77.01,9%
T9S17,65.9,21.23,48.76,9.18,9.14,8.98,9.01,9.09,9.06,9.09,9.15,9.26,9.43,9.72,10.17,10.77,11.59,12.73,14.6,18.22,23.79,30.47,36.89,42,45.69,48.91,51.8,54.05,56.08,57.95,59.47,61.01,62.42,64.03,65.62,66.85,68.08,69.3,70.57,71.62,72.67,73.69,74.57,75.41,76.15,76.92,9%
T9S18,66.55,20.66,49.07,9.35,9.3,9.09,9.24,9.27,9.25,9.26,9.33,9.46,9.65,9.96,10.47,11.15,12.07,13.35,15.34,19.1,24.78,31.51,37.93,43,46.64,49.82,52.66,54.9,56.91,58.73,60.22,61.69,63.16,64.71,66.29,67.51,68.7,69.92,71.19,72.21,73.25,74.24,75.08,75.89,76.62,77.36,9%
T9S19,66.38,20.86,48.87,9.32,9.27,9.08,9.22,9.25,9.23,9.27,9.34,9.47,9.64,9.94,10.43,11.06,11.93,13.13,15.07,18.81,24.5,31.24,37.68,42.77,46.42,49.61,52.47,54.67,56.66,58.54,60,61.53,62.94,64.5,66.07,67.29,68.52,69.74,70.99,72.03,73.04,74.03,74.92,75.7,76.41,77.15,9%
T9S20,66.02,20.98,48.87,9.21,9.15,9.06,9.05,9.09,9.06,9.08,9.14,9.26,9.43,9.73,10.22,10.87,11.75,12.96,14.88,18.52,24.06,30.69,37.05,42.13,45.78,49,51.86,54.12,56.12,58.02,59.52,61.08,62.5,64.11,65.71,66.96,68.22,69.46,70.75,71.81,72.87,73.87,74.75,75.56,76.31,77.07,9%
T9S21,65.92,21.14,48.89,9.16,9.06,8.97,8.99,9.06,9.03,9.04,9.1,9.22,9.39,9.68,10.16,10.78,11.62,12.79,14.67,18.31,23.87,30.53,36.93,42.04,45.68,48.91,51.79,54.04,56.08,57.94,59.46,60.98,62.46,64.04,65.62,66.85,68.08,69.36,70.62,71.64,72.69,73.71,74.61,75.36,76.13,76.96,9%
T9S22,66.48,20.62,48.99,9.36,9.29,9.06,9.22,9.26,9.23,9.25,9.32,9.45,9.63,9.95,10.45,11.16,12.08,13.34,15.34,19.09,24.74,31.43,37.83,42.9,46.51,49.68,52.52,54.73,56.7,58.58,60.06,61.59,63.03,64.59,66.17,67.38,68.59,69.87,71.08,72.15,73.18,74.18,75.05,75.85,76.58,77.38,9%
T9S23,66.34,20.86,49.02,9.32,9.26,9.01,9.2,9.2,9.16,9.2,9.27,9.39,9.57,9.86,10.38,11.01,11.89,13.11,15.05,18.79,24.46,31.19,37.61,42.7,46.36,49.54,52.4,54.64,56.65,58.52,59.96,61.47,62.94,64.47,66.04,67.27,68.49,69.69,70.95,72,73.02,74.01,74.86,75.61,76.35,77.07,9%
T9S24,66.06,21.11,49.13,9.18,9.08,8.9,9,9.06,9.02,9.03,9.09,9.2,9.38,9.68,10.14,10.78,11.66,12.86,14.77,18.43,24.01,30.7,37.13,42.23,45.93,49.15,52.04,54.27,56.34,58.2,59.72,61.24,62.69,64.29,65.87,67.1,68.33,69.58,70.87,71.88,72.95,73.96,74.85,75.61,76.36,77.13,9%
T9S25,65.99,21.15,48.93,9.2,9.12,8.96,9.02,9.08,9.04,9.07,9.13,9.25,9.41,9.7,10.19,10.81,11.66,12.84,14.71,18.36,23.93,30.6,37.01,42.13,45.81,49.04,51.92,54.19,56.23,58.11,59.59,61.16,62.6,64.19,65.79,67.02,68.28,69.48,70.76,71.81,72.9,73.93,74.76,75.56,76.33,77.06,9%
T9S26,66.46,20.83,49.04,9.37,9.31,9,9.25,9.26,9.22,9.25,9.33,9.45,9.62,9.92,10.42,11.08,11.95,13.17,15.13,18.89,24.59,31.36,37.8,42.91,46.55,49.74,52.6,54.81,56.84,58.7,60.14,61.7,63.09,64.65,66.22,67.43,68.64,69.87,71.12,72.15,73.18,74.21,75.09,75.81,76.52,77.24,9%
T9S27,66.48,20.73,49.23,9.29,9.22,9.05,9.19,9.21,9.17,9.19,9.26,9.38,9.56,9.88,10.37,11.07,11.97,13.22,15.22,18.97,24.67,31.42,37.84,42.94,46.58,49.76,52.61,54.83,56.82,58.65,60.15,61.65,63.1,64.67,66.25,67.45,68.66,69.89,71.15,72.18,73.25,74.23,75.09,75.84,76.59,77.32,9%
T9S28,65.92,20.92,48.83,9.22,9.18,8.95,9.01,9.05,9.03,9.04,9.1,9.22,9.39,9.69,10.19,10.83,11.72,12.93,14.85,18.48,24,30.6,36.93,41.98,45.63,48.8,51.66,53.91,55.91,57.82,59.32,60.85,62.31,63.91,65.51,66.77,68.02,69.28,70.54,71.6,72.69,73.7,74.59,75.4,76.16,76.93,9%
T9S29,66,21.25,48.97,9.2,9.14,8.93,9.01,9.07,9.03,9.05,9.13,9.25,9.41,9.7,10.18,10.78,11.6,12.75,14.61,18.27,23.88,30.59,37.05,42.19,45.88,49.09,52,54.26,56.31,58.17,59.66,61.2,62.59,64.2,65.8,67.05,68.27,69.49,70.78,71.83,72.86,73.89,74.8,75.56,76.27,76.98,9%
T9S30,66.55,20.54,49.11,9.33,9.27,9.15,9.22,9.25,9.21,9.24,9.31,9.44,9.63,9.93,10.47,11.18,12.11,13.41,15.4,19.17,24.85,31.56,37.93,43,46.62,49.78,52.6,54.81,56.8,58.63,60.14,61.67,63.06,64.64,66.23,67.44,68.66,69.86,71.14,72.15,73.18,74.19,75.06,75.86,76.56,77.27,9%
T9S31,66.45,20.88,49,9.32,9.26,9.11,9.21,9.24,9.22,9.25,9.33,9.45,9.63,9.95,10.43,11.08,11.94,13.15,15.07,18.84,24.55,31.32,37.77,42.91,46.55,49.75,52.62,54.83,56.81,58.7,60.16,61.68,63.07,64.69,66.25,67.46,68.66,69.88,71.17,72.15,73.2,74.21,75.05,75.84,76.52,77.31,9%
T9S32,66.03,20.96,48.93,9.26,9.19,8.87,9.09,9.09,9.05,9.06,9.12,9.24,9.41,9.72,10.22,10.87,11.74,12.95,14.87,18.52,24.07,30.71,37.08,42.19,45.84,49.03,51.89,54.13,56.14,58.02,59.51,61.06,62.52,64.1,65.7,66.92,68.15,69.39,70.66,71.72,72.75,73.79,74.64,75.43,76.21,76.87,9%
T9S33,66,21.07,49.08,9.19,9.13,8.93,9.02,9.05,9.01,9.01,9.08,9.2,9.36,9.65,10.14,10.78,11.64,12.85,14.75,18.39,23.97,30.65,37.06,42.17,45.84,49.05,51.92,54.18,56.17,58.05,59.55,61.12,62.5,64.12,65.72,66.94,68.17,69.43,70.69,71.7,72.81,73.81,74.68,75.51,76.25,76.91,9%
T9S34,66.64,20.52,49.13,9.41,9.36,9.09,9.27,9.28,9.24,9.28,9.35,9.48,9.67,9.99,10.53,11.22,12.15,13.41,15.42,19.22,24.95,31.71,38.12,43.2,46.82,49.96,52.77,54.97,56.93,58.81,60.21,61.74,63.15,64.68,66.24,67.46,68.68,69.87,71.11,72.14,73.18,74.16,75.03,75.8,76.55,77.31,9%
T9S35,66.56,20.68,49.16,9.34,9.27,9.07,9.23,9.25,9.21,9.24,9.31,9.44,9.62,9.94,10.46,11.14,12.04,13.3,15.28,19.05,24.77,31.54,37.96,43.05,46.7,49.89,52.73,54.91,56.88,58.8,60.22,61.72,63.19,64.71,66.27,67.48,68.7,69.87,71.16,72.18,73.21,74.17,74.98,75.78,76.53,77.27,9%
T9S36,65.93,20.93,49,9.18,9.13,8.83,9.04,9.01,8.97,8.99,9.05,9.17,9.33,9.63,10.12,10.8,11.68,12.91,14.83,18.47,24,30.6,36.93,42,45.63,48.82,51.69,53.92,55.96,57.84,59.33,60.89,62.32,63.94,65.54,66.78,68.04,69.29,70.54,71.58,72.69,73.69,74.55,75.37,76.11,76.88,9%
T9S37,66.08,21.08,49.04,9.19,9.14,9.01,9.01,9.08,9.04,9.05,9.12,9.25,9.4,9.72,10.2,10.85,11.73,12.91,14.83,18.48,24.05,30.72,37.12,42.26,45.93,49.15,52.04,54.3,56.33,58.24,59.74,61.23,62.79,64.33,65.93,67.15,68.37,69.63,70.9,71.94,73.02,74.04,74.91,75.68,76.42,77.19,9%
T9S38,66.58,20.63,49.09,9.33,9.26,9.16,9.21,9.27,9.24,9.26,9.34,9.47,9.65,9.97,10.49,11.19,12.12,13.38,15.37,19.14,24.84,31.57,37.98,43.05,46.7,49.87,52.7,54.94,56.9,58.81,60.24,61.76,63.21,64.76,66.32,67.51,68.73,69.97,71.25,72.22,73.25,74.28,75.12,75.92,76.68,77.38,9%
T9S39,66.53,20.57,49.17,9.39,9.33,9.06,9.17,9.22,9.18,9.21,9.28,9.41,9.59,9.91,10.44,11.13,12.07,13.35,15.36,19.13,24.82,31.54,37.92,42.98,46.6,49.76,52.59,54.79,56.82,58.6,60.12,61.62,63,64.6,66.17,67.38,68.59,69.81,71.06,72.09,73.11,74.11,74.95,75.76,76.49,77.26,9%
T9S40,66.07,21.01,49.11,9.18,9.12,8.96,9,9.04,9.01,9.02,9.09,9.21,9.38,9.69,10.17,10.83,11.7,12.9,14.82,18.5,24.09,30.76,37.16,42.28,45.93,49.14,52,54.26,56.26,58.14,59.66,61.19,62.6,64.21,65.81,67.05,68.28,69.52,70.78,71.81,72.87,73.89,74.76,75.6,76.32,77.05,9%
T9S41,66.27,20.93,49.19,9.22,9.14,9,9.08,9.1,9.07,9.09,9.16,9.28,9.46,9.77,10.27,10.94,11.82,13.05,14.99,18.69,24.33,31.05,37.48,42.58,46.25,49.45,52.33,54.54,56.57,58.46,59.94,61.44,62.91,64.5,66.07,67.28,68.51,69.74,71,72.01,73.08,74.09,74.98,75.76,76.49,77.25,9%
T9S42,66.52,20.68,49.2,9.29,9.21,9.12,9.16,9.22,9.19,9.21,9.28,9.41,9.59,9.89,10.42,11.11,12.03,13.3,15.27,19.05,24.74,31.49,37.89,43,46.63,49.79,52.65,54.86,56.83,58.74,60.19,61.68,63.12,64.68,66.25,67.47,68.69,69.91,71.16,72.19,73.22,74.22,75.07,75.89,76.64,77.38,9%
T9S43,66.41,20.77,49.14,9.23,9.13,9.09,9.14,9.18,9.15,9.16,9.23,9.36,9.55,9.87,10.37,11.05,11.95,13.18,15.14,18.9,24.56,31.3,37.72,42.81,46.46,49.63,52.49,54.71,56.68,58.55,60.04,61.55,62.93,64.54,66.11,67.33,68.54,69.76,71.05,72.04,73.1,74.11,75.02,75.75,76.49,77.31,9%
T9S44,65.93,20.99,49.08,9.12,9.05,8.92,8.96,8.99,8.95,8.96,9.02,9.14,9.31,9.61,10.11,10.77,11.66,12.85,14.77,18.41,23.95,30.59,36.94,42.02,45.68,48.87,51.75,53.97,56.02,57.88,59.37,60.93,62.35,63.98,65.59,66.82,68.04,69.31,70.59,71.63,72.7,73.73,74.6,75.42,76.21,76.92,9%
T9S45,65.98,21.19,49.1,9.15,9.1,8.86,8.98,9.02,8.98,9,9.07,9.18,9.35,9.64,10.13,10.76,11.61,12.79,14.68,18.3,23.89,30.57,37.01,42.13,45.83,49.08,51.94,54.21,56.27,58.12,59.61,61.12,62.58,64.16,65.76,66.99,68.2,69.47,70.75,71.79,72.82,73.82,74.71,75.51,76.26,76.96,9%
T9S46,66.39,20.79,49.09,9.25,9.17,9.08,9.15,9.18,9.16,9.18,9.25,9.38,9.56,9.88,10.38,11.05,11.95,13.17,15.13,18.86,24.53,31.26,37.69,42.78,46.44,49.6,52.47,54.68,56.69,58.54,60.01,61.54,62.92,64.54,66.12,67.33,68.55,69.77,71.02,72.04,73.08,74.09,74.97,75.74,76.51,77.18,9%
T9S47,66.49,20.67,49.34,9.29,9.22,9.03,9.08,9.14,9.11,9.14,9.21,9.33,9.51,9.83,10.37,11.06,11.99,13.26,15.25,19.01,24.7,31.45,37.85,42.94,46.59,49.76,52.59,54.81,56.8,58.65,60.11,61.65,63.06,64.61,66.17,67.39,68.59,69.78,71.05,72.1,73.1,74.12,75.02,75.79,76.51,77.23,9%
T9S48,65.89,21.15,49.08,9.14,9.08,8.82,8.98,8.98,8.94,8.95,9.01,9.13,9.3,9.59,10.09,10.74,11.59,12.78,14.69,18.3,23.83,30.45,36.85,41.96,45.64,48.86,51.76,54.02,56.07,57.95,59.47,61.01,62.49,64.07,65.67,66.91,68.15,69.39,70.65,71.7,72.72,73.76,74.67,75.42,76.19,76.93,9%
T9S49,65.9,21.33,49.1,9.11,9.08,8.86,8.95,8.99,8.95,8.96,9.03,9.15,9.32,9.6,10.07,10.69,11.53,12.68,14.55,18.18,23.73,30.4,36.84,42.01,45.72,48.97,51.89,54.15,56.18,58.08,59.62,61.13,62.63,64.19,65.79,67.02,68.27,69.51,70.78,71.82,72.87,73.87,74.77,75.55,76.28,77.01,9%
T9S50,66.38,20.92,49.14,9.29,9.22,8.98,9.1,9.17,9.14,9.17,9.24,9.36,9.55,9.86,10.34,11,11.87,13.08,15.03,18.76,24.44,31.2,37.64,42.8,46.45,49.65,52.51,54.73,56.74,58.61,60.08,61.65,63.04,64.61,66.18,67.41,68.65,69.85,71.13,72.12,73.16,74.18,75.03,75.82,76.6,77.3,9%
